Item,Condition,Current Qty,Par Qty,Minimum Restock,Unit,Vendor,Category,Code (copy to gform),PNS,TRIGGER,Merged Doc ID - Sarkop Stock Opname PDF,Merged Doc URL - Sarkop Stock Opname PDF,Link to merged Doc - Sarkop Stock Opname PDF,Document Merge Status - Sarkop Stock Opname PDF
Bayam Krispi (Bakri),-,3,3,6,box medium,-,Bahan Prep,Bayam Krispi (Bakri) [box medium],Hadi,FALSE,1OHsbvfK_gIryvdoYcAJnKkT4f-GQwePv,https://drive.google.com/file/d/1OHsbvfK_gIryvdoYcAJnKkT4f-GQwePv/view?usp=drivesdk,Laporan Sarkop SO_11/01/2025,Data merged and appended successfully; PDF created; Run via form trigger as sarjanawarkop.id@gmail.com; Timestamp: Oct 31 2025 10:16 PM
Sambal,-,4,2,4,box kecil,-,Bahan Prep,Sambal [box kecil],,,1OHsbvfK_gIryvdoYcAJnKkT4f-GQwePv,https://drive.google.com/file/d/1OHsbvfK_gIryvdoYcAJnKkT4f-GQwePv/view?usp=drivesdk,Laporan Sarkop SO_11/01/2025,Data merged and appended successfully; PDF created; Run via form trigger as sarjanawarkop.id@gmail.com; Timestamp: Oct 31 2025 10:16 PM
Ayam Suwir,Bahaya!,0,24,48,porsi,-,Bahan Prep,Ayam Suwir [porsi],,,1OHsbvfK_gIryvdoYcAJnKkT4f-GQwePv,https://drive.google.com/file/d/1OHsbvfK_gIryvdoYcAJnKkT4f-GQwePv/view?usp=drivesdk,Laporan Sarkop SO_11/01/2025,Data merged and appended successfully; PDF created; Run via form trigger as sarjanawarkop.id@gmail.com; Timestamp: Oct 31 2025 10:16 PM
Base Nasgor,-,3,2,4,box kecil,-,Bahan Prep,Base Nasgor [box kecil],,,1OHsbvfK_gIryvdoYcAJnKkT4f-GQwePv,https://drive.google.com/file/d/1OHsbvfK_gIryvdoYcAJnKkT4f-GQwePv/view?usp=drivesdk,Laporan Sarkop SO_11/01/2025,Data merged and appended successfully; PDF created; Run via form trigger as sarjanawarkop.id@gmail.com; Timestamp: Oct 31 2025 10:16 PM
Base Carbonara,Bahaya!,0,3,6,box kecil,-,Bahan Prep,Base Carbonara [box kecil],,,1OHsbvfK_gIryvdoYcAJnKkT4f-GQwePv,https://drive.google.com/file/d/1OHsbvfK_gIryvdoYcAJnKkT4f-GQwePv/view?usp=drivesdk,Laporan Sarkop SO_11/01/2025,Data merged and appended successfully; PDF created; Run via form trigger as sarjanawarkop.id@gmail.com; Timestamp: Oct 31 2025 10:16 PM
Ayam Sous Vide (Chicken Carbonara),-,4,1,2,vacuum pack,-,Bahan Prep,Ayam Sous Vide (Chicken Carbonara) [vacuum pack],,,1OHsbvfK_gIryvdoYcAJnKkT4f-GQwePv,https://drive.google.com/file/d/1OHsbvfK_gIryvdoYcAJnKkT4f-GQwePv/view?usp=drivesdk,Laporan Sarkop SO_11/01/2025,Data merged and appended successfully; PDF created; Run via form trigger as sarjanawarkop.id@gmail.com; Timestamp: Oct 31 2025 10:16 PM
Saus Tiram,Low,2,3,6,pack 1 liter,Online,Bahan Krusial,Saus Tiram [pack 1 liter],,,1OHsbvfK_gIryvdoYcAJnKkT4f-GQwePv,https://drive.google.com/file/d/1OHsbvfK_gIryvdoYcAJnKkT4f-GQwePv/view?usp=drivesdk,Laporan Sarkop SO_11/01/2025,Data merged and appended successfully; PDF created; Run via form trigger as sarjanawarkop.id@gmail.com; Timestamp: Oct 31 2025 10:16 PM
Lada,Bahaya!,2,6,12,pack 100 gr,Online,Bahan Krusial,Lada [pack 100 gr],,,1OHsbvfK_gIryvdoYcAJnKkT4f-GQwePv,https://drive.google.com/file/d/1OHsbvfK_gIryvdoYcAJnKkT4f-GQwePv/view?usp=drivesdk,Laporan Sarkop SO_11/01/2025,Data merged and appended successfully; PDF created; Run via form trigger as sarjanawarkop.id@gmail.com; Timestamp: Oct 31 2025 10:16 PM
Kaldu Jamur,-,8,3,6,pack 1 kg,Online,Bahan Krusial,Kaldu Jamur [pack 1 kg],,,1OHsbvfK_gIryvdoYcAJnKkT4f-GQwePv,https://drive.google.com/file/d/1OHsbvfK_gIryvdoYcAJnKkT4f-GQwePv/view?usp=drivesdk,Laporan Sarkop SO_11/01/2025,Data merged and appended successfully; PDF created; Run via form trigger as sarjanawarkop.id@gmail.com; Timestamp: Oct 31 2025 10:16 PM
Beef Shortplate,-,20,12,24,pack 500 gr,Barokah,Bahan Krusial,Beef Shortplate [pack 500 gr],,,1OHsbvfK_gIryvdoYcAJnKkT4f-GQwePv,https://drive.google.com/file/d/1OHsbvfK_gIryvdoYcAJnKkT4f-GQwePv/view?usp=drivesdk,Laporan Sarkop SO_11/01/2025,Data merged and appended successfully; PDF created; Run via form trigger as sarjanawarkop.id@gmail.com; Timestamp: Oct 31 2025 10:16 PM
Saus Teriyaki,Bahaya!,1,3,6,pack 1 liter,Online,Bahan Krusial,Saus Teriyaki [pack 1 liter],,,1OHsbvfK_gIryvdoYcAJnKkT4f-GQwePv,https://drive.google.com/file/d/1OHsbvfK_gIryvdoYcAJnKkT4f-GQwePv/view?usp=drivesdk,Laporan Sarkop SO_11/01/2025,Data merged and appended successfully; PDF created; Run via form trigger as sarjanawarkop.id@gmail.com; Timestamp: Oct 31 2025 10:16 PM
Bawang Goreng,Bahaya!,0,2,5,pack 1 kg,Online,Bahan Krusial,Bawang Goreng [pack 1 kg],,,1OHsbvfK_gIryvdoYcAJnKkT4f-GQwePv,https://drive.google.com/file/d/1OHsbvfK_gIryvdoYcAJnKkT4f-GQwePv/view?usp=drivesdk,Laporan Sarkop SO_11/01/2025,Data merged and appended successfully; PDF created; Run via form trigger as sarjanawarkop.id@gmail.com; Timestamp: Oct 31 2025 10:16 PM
Mie Telur,Bahaya!,2,30,60,pack 3 pcs,Online (idm),Bahan Krusial,Mie Telur [pack 3 pcs],,,1OHsbvfK_gIryvdoYcAJnKkT4f-GQwePv,https://drive.google.com/file/d/1OHsbvfK_gIryvdoYcAJnKkT4f-GQwePv/view?usp=drivesdk,Laporan Sarkop SO_11/01/2025,Data merged and appended successfully; PDF created; Run via form trigger as sarjanawarkop.id@gmail.com; Timestamp: Oct 31 2025 10:16 PM
Sosis,-,1,1,2,pack 1 kg (40 pcs),Prima,Bahan Krusial,Sosis [pack 1 kg (40 pcs)],,,1OHsbvfK_gIryvdoYcAJnKkT4f-GQwePv,https://drive.google.com/file/d/1OHsbvfK_gIryvdoYcAJnKkT4f-GQwePv/view?usp=drivesdk,Laporan Sarkop SO_11/01/2025,Data merged and appended successfully; PDF created; Run via form trigger as sarjanawarkop.id@gmail.com; Timestamp: Oct 31 2025 10:16 PM
Nugget,-,1,1,2,pack 500 gr,Prima,Bahan Krusial,Nugget [pack 500 gr],,,1OHsbvfK_gIryvdoYcAJnKkT4f-GQwePv,https://drive.google.com/file/d/1OHsbvfK_gIryvdoYcAJnKkT4f-GQwePv/view?usp=drivesdk,Laporan Sarkop SO_11/01/2025,Data merged and appended successfully; PDF created; Run via form trigger as sarjanawarkop.id@gmail.com; Timestamp: Oct 31 2025 10:16 PM
Kornet,-,24,4,8,kaleng 340 gr,Barokah / Online,Bahan Krusial,Kornet [kaleng 340 gr],,,1OHsbvfK_gIryvdoYcAJnKkT4f-GQwePv,https://drive.google.com/file/d/1OHsbvfK_gIryvdoYcAJnKkT4f-GQwePv/view?usp=drivesdk,Laporan Sarkop SO_11/01/2025,Data merged and appended successfully; PDF created; Run via form trigger as sarjanawarkop.id@gmail.com; Timestamp: Oct 31 2025 10:16 PM
Roti Kadet,-,12,4,8,pack,Tukang Roti,Bahan Krusial,Roti Kadet [pack],,,1OHsbvfK_gIryvdoYcAJnKkT4f-GQwePv,https://drive.google.com/file/d/1OHsbvfK_gIryvdoYcAJnKkT4f-GQwePv/view?usp=drivesdk,Laporan Sarkop SO_11/01/2025,Data merged and appended successfully; PDF created; Run via form trigger as sarjanawarkop.id@gmail.com; Timestamp: Oct 31 2025 10:16 PM
Keju Cheddar,Low,2,3,6,pack 1 kg,Online,Bahan Krusial,Keju Cheddar [pack 1 kg],,,1OHsbvfK_gIryvdoYcAJnKkT4f-GQwePv,https://drive.google.com/file/d/1OHsbvfK_gIryvdoYcAJnKkT4f-GQwePv/view?usp=drivesdk,Laporan Sarkop SO_11/01/2025,Data merged and appended successfully; PDF created; Run via form trigger as sarjanawarkop.id@gmail.com; Timestamp: Oct 31 2025 10:16 PM
Kentang,Bahaya!,0,1,2,pack 1 kg,Prima,Bahan Krusial,Kentang [pack 1 kg],,,1OHsbvfK_gIryvdoYcAJnKkT4f-GQwePv,https://drive.google.com/file/d/1OHsbvfK_gIryvdoYcAJnKkT4f-GQwePv/view?usp=drivesdk,Laporan Sarkop SO_11/01/2025,Data merged and appended successfully; PDF created; Run via form trigger as sarjanawarkop.id@gmail.com; Timestamp: Oct 31 2025 10:16 PM
Cooking Cream,-,4,3,6,pack 1 liter,Agro Boga Utama,Bahan Krusial,Cooking Cream [pack 1 liter],,,1OHsbvfK_gIryvdoYcAJnKkT4f-GQwePv,https://drive.google.com/file/d/1OHsbvfK_gIryvdoYcAJnKkT4f-GQwePv/view?usp=drivesdk,Laporan Sarkop SO_11/01/2025,Data merged and appended successfully; PDF created; Run via form trigger as sarjanawarkop.id@gmail.com; Timestamp: Oct 31 2025 10:16 PM
Susu Full Cream,Bahaya!,1,24,48,pack 1 liter,Online (idm),Bahan Krusial,Susu Full Cream [pack 1 liter],,,1OHsbvfK_gIryvdoYcAJnKkT4f-GQwePv,https://drive.google.com/file/d/1OHsbvfK_gIryvdoYcAJnKkT4f-GQwePv/view?usp=drivesdk,Laporan Sarkop SO_11/01/2025,Data merged and appended successfully; PDF created; Run via form trigger as sarjanawarkop.id@gmail.com; Timestamp: Oct 31 2025 10:16 PM
Lada Hitam,Low,1,2,4,pack 100 gr,Online,Bahan Krusial,Lada Hitam [pack 100 gr],,,1OHsbvfK_gIryvdoYcAJnKkT4f-GQwePv,https://drive.google.com/file/d/1OHsbvfK_gIryvdoYcAJnKkT4f-GQwePv/view?usp=drivesdk,Laporan Sarkop SO_11/01/2025,Data merged and appended successfully; PDF created; Run via form trigger as sarjanawarkop.id@gmail.com; Timestamp: Oct 31 2025 10:16 PM
Chicken Powder,-,4,1,2,pack 1 kg,Online,Bahan Krusial,Chicken Powder [pack 1 kg],,,1OHsbvfK_gIryvdoYcAJnKkT4f-GQwePv,https://drive.google.com/file/d/1OHsbvfK_gIryvdoYcAJnKkT4f-GQwePv/view?usp=drivesdk,Laporan Sarkop SO_11/01/2025,Data merged and appended successfully; PDF created; Run via form trigger as sarjanawarkop.id@gmail.com; Timestamp: Oct 31 2025 10:16 PM
Dada Ayam Fillet,-,2,0,,pack 1 kg,Prima,Bahan Krusial,Dada Ayam Fillet [pack 1 kg],,,1OHsbvfK_gIryvdoYcAJnKkT4f-GQwePv,https://drive.google.com/file/d/1OHsbvfK_gIryvdoYcAJnKkT4f-GQwePv/view?usp=drivesdk,Laporan Sarkop SO_11/01/2025,Data merged and appended successfully; PDF created; Run via form trigger as sarjanawarkop.id@gmail.com; Timestamp: Oct 31 2025 10:16 PM
Ahmad Tea - Blackcurrant,Bahaya!,0,3,6,pack utuh,Online,Bahan Krusial,Ahmad Tea - Blackcurrant [pack utuh],,,1OHsbvfK_gIryvdoYcAJnKkT4f-GQwePv,https://drive.google.com/file/d/1OHsbvfK_gIryvdoYcAJnKkT4f-GQwePv/view?usp=drivesdk,Laporan Sarkop SO_11/01/2025,Data merged and appended successfully; PDF created; Run via form trigger as sarjanawarkop.id@gmail.com; Timestamp: Oct 31 2025 10:16 PM
"Ahmad Tea - Camomile, Honey & Vanilla",Low,2,3,6,pack utuh,Online,Bahan Krusial,"Ahmad Tea - Camomile, Honey & Vanilla [pack utuh]",,,1OHsbvfK_gIryvdoYcAJnKkT4f-GQwePv,https://drive.google.com/file/d/1OHsbvfK_gIryvdoYcAJnKkT4f-GQwePv/view?usp=drivesdk,Laporan Sarkop SO_11/01/2025,Data merged and appended successfully; PDF created; Run via form trigger as sarjanawarkop.id@gmail.com; Timestamp: Oct 31 2025 10:16 PM
Dilmah - Earl Grey Tea with Vanilla,Bahaya!,0,2,4,pack utuh,Online,Bahan Krusial,Dilmah - Earl Grey Tea with Vanilla [pack utuh],,,1OHsbvfK_gIryvdoYcAJnKkT4f-GQwePv,https://drive.google.com/file/d/1OHsbvfK_gIryvdoYcAJnKkT4f-GQwePv/view?usp=drivesdk,Laporan Sarkop SO_11/01/2025,Data merged and appended successfully; PDF created; Run via form trigger as sarjanawarkop.id@gmail.com; Timestamp: Oct 31 2025 10:16 PM
Cadbury Chocolate Drink,Bahaya!,0,3,6,pack utuh (isi 13),Online,Bahan Krusial,Cadbury Chocolate Drink [pack utuh (isi 13)],,,1OHsbvfK_gIryvdoYcAJnKkT4f-GQwePv,https://drive.google.com/file/d/1OHsbvfK_gIryvdoYcAJnKkT4f-GQwePv/view?usp=drivesdk,Laporan Sarkop SO_11/01/2025,Data merged and appended successfully; PDF created; Run via form trigger as sarjanawarkop.id@gmail.com; Timestamp: Oct 31 2025 10:16 PM
Indocafe Original Blend,-,5,3,6,pack 50 pcs,Online,Bahan Krusial,Indocafe Original Blend [pack 50 pcs],,,1OHsbvfK_gIryvdoYcAJnKkT4f-GQwePv,https://drive.google.com/file/d/1OHsbvfK_gIryvdoYcAJnKkT4f-GQwePv/view?usp=drivesdk,Laporan Sarkop SO_11/01/2025,Data merged and appended successfully; PDF created; Run via form trigger as sarjanawarkop.id@gmail.com; Timestamp: Oct 31 2025 10:16 PM
Stevia,-,6,3,10,botol,Online,Bahan Krusial,Stevia [botol],,,1OHsbvfK_gIryvdoYcAJnKkT4f-GQwePv,https://drive.google.com/file/d/1OHsbvfK_gIryvdoYcAJnKkT4f-GQwePv/view?usp=drivesdk,Laporan Sarkop SO_11/01/2025,Data merged and appended successfully; PDF created; Run via form trigger as sarjanawarkop.id@gmail.com; Timestamp: Oct 31 2025 10:16 PM
Drip Bag,Low,2,3,10,pack 50 pcs,Online,Bahan Krusial,Drip Bag [pack 50 pcs],,,1OHsbvfK_gIryvdoYcAJnKkT4f-GQwePv,https://drive.google.com/file/d/1OHsbvfK_gIryvdoYcAJnKkT4f-GQwePv/view?usp=drivesdk,Laporan Sarkop SO_11/01/2025,Data merged and appended successfully; PDF created; Run via form trigger as sarjanawarkop.id@gmail.com; Timestamp: Oct 31 2025 10:16 PM
Beans Kopi Colombia,-,2,1,1,pack 500 gr,Online,Bahan Krusial,Beans Kopi Colombia [pack 500 gr],,,1OHsbvfK_gIryvdoYcAJnKkT4f-GQwePv,https://drive.google.com/file/d/1OHsbvfK_gIryvdoYcAJnKkT4f-GQwePv/view?usp=drivesdk,Laporan Sarkop SO_11/01/2025,Data merged and appended successfully; PDF created; Run via form trigger as sarjanawarkop.id@gmail.com; Timestamp: Oct 31 2025 10:16 PM
Kopi Gadjah,-,6,2,5,pack 138 gr,Online (idm),Bahan Krusial,Kopi Gadjah [pack 138 gr],,,1OHsbvfK_gIryvdoYcAJnKkT4f-GQwePv,https://drive.google.com/file/d/1OHsbvfK_gIryvdoYcAJnKkT4f-GQwePv/view?usp=drivesdk,Laporan Sarkop SO_11/01/2025,Data merged and appended successfully; PDF created; Run via form trigger as sarjanawarkop.id@gmail.com; Timestamp: Oct 31 2025 10:16 PM
Matcha Bubuk,-,2,2,4,pack 100 gr,Online,Bahan Krusial,Matcha Bubuk [pack 100 gr],,,1OHsbvfK_gIryvdoYcAJnKkT4f-GQwePv,https://drive.google.com/file/d/1OHsbvfK_gIryvdoYcAJnKkT4f-GQwePv/view?usp=drivesdk,Laporan Sarkop SO_11/01/2025,Data merged and appended successfully; PDF created; Run via form trigger as sarjanawarkop.id@gmail.com; Timestamp: Oct 31 2025 10:16 PM
Chatramue Thai Tea,Bahaya!,0,2,4,pack 400 gr,Online,Bahan Krusial,Chatramue Thai Tea [pack 400 gr],,,1OHsbvfK_gIryvdoYcAJnKkT4f-GQwePv,https://drive.google.com/file/d/1OHsbvfK_gIryvdoYcAJnKkT4f-GQwePv/view?usp=drivesdk,Laporan Sarkop SO_11/01/2025,Data merged and appended successfully; PDF created; Run via form trigger as sarjanawarkop.id@gmail.com; Timestamp: Oct 31 2025 10:16 PM
Creamer,-,5,3,6,pack 500 gr,Online (idm),Bahan Krusial,Creamer [pack 500 gr],,,1OHsbvfK_gIryvdoYcAJnKkT4f-GQwePv,https://drive.google.com/file/d/1OHsbvfK_gIryvdoYcAJnKkT4f-GQwePv/view?usp=drivesdk,Laporan Sarkop SO_11/01/2025,Data merged and appended successfully; PDF created; Run via form trigger as sarjanawarkop.id@gmail.com; Timestamp: Oct 31 2025 10:16 PM
Beras,Cukup untuk hari ini (>10kg atau setengah karung),-,-,-,?,PD LANDH,Bahan Lainnya,Beras [?],,,1OHsbvfK_gIryvdoYcAJnKkT4f-GQwePv,https://drive.google.com/file/d/1OHsbvfK_gIryvdoYcAJnKkT4f-GQwePv/view?usp=drivesdk,Laporan Sarkop SO_11/01/2025,Data merged and appended successfully; PDF created; Run via form trigger as sarjanawarkop.id@gmail.com; Timestamp: Oct 31 2025 10:16 PM
Telur,-,5,5,10,tray isi 30 butir,PD LANDH,Bahan Lainnya,Telur [tray isi 30 butir],,,1OHsbvfK_gIryvdoYcAJnKkT4f-GQwePv,https://drive.google.com/file/d/1OHsbvfK_gIryvdoYcAJnKkT4f-GQwePv/view?usp=drivesdk,Laporan Sarkop SO_11/01/2025,Data merged and appended successfully; PDF created; Run via form trigger as sarjanawarkop.id@gmail.com; Timestamp: Oct 31 2025 10:16 PM
Minyak Goreng,Bahaya!,1,4,8,pack 1 liter,PD LANDH,Bahan Lainnya,Minyak Goreng [pack 1 liter],,,1OHsbvfK_gIryvdoYcAJnKkT4f-GQwePv,https://drive.google.com/file/d/1OHsbvfK_gIryvdoYcAJnKkT4f-GQwePv/view?usp=drivesdk,Laporan Sarkop SO_11/01/2025,Data merged and appended successfully; PDF created; Run via form trigger as sarjanawarkop.id@gmail.com; Timestamp: Oct 31 2025 10:16 PM
Kecap,-,2,2,4,"pack 1,52 liter",Barokah / Online,Bahan Lainnya,"Kecap [pack 1,52 liter]",,,1OHsbvfK_gIryvdoYcAJnKkT4f-GQwePv,https://drive.google.com/file/d/1OHsbvfK_gIryvdoYcAJnKkT4f-GQwePv/view?usp=drivesdk,Laporan Sarkop SO_11/01/2025,Data merged and appended successfully; PDF created; Run via form trigger as sarjanawarkop.id@gmail.com; Timestamp: Oct 31 2025 10:16 PM
Saus Sambal,-,1,1,2,"jerigen 5,5 liter",Barokah,Bahan Lainnya,"Saus Sambal [jerigen 5,5 liter]",,,1OHsbvfK_gIryvdoYcAJnKkT4f-GQwePv,https://drive.google.com/file/d/1OHsbvfK_gIryvdoYcAJnKkT4f-GQwePv/view?usp=drivesdk,Laporan Sarkop SO_11/01/2025,Data merged and appended successfully; PDF created; Run via form trigger as sarjanawarkop.id@gmail.com; Timestamp: Oct 31 2025 10:16 PM
Tepung Terigu,Bahaya!,0,2,4,pack 1 kg,Barokah,Bahan Lainnya,Tepung Terigu [pack 1 kg],,,1OHsbvfK_gIryvdoYcAJnKkT4f-GQwePv,https://drive.google.com/file/d/1OHsbvfK_gIryvdoYcAJnKkT4f-GQwePv/view?usp=drivesdk,Laporan Sarkop SO_11/01/2025,Data merged and appended successfully; PDF created; Run via form trigger as sarjanawarkop.id@gmail.com; Timestamp: Oct 31 2025 10:16 PM
Tepung Maizena,-,4,2,4,pack 1 kg,Barokah / Online,Bahan Lainnya,Tepung Maizena [pack 1 kg],,,1OHsbvfK_gIryvdoYcAJnKkT4f-GQwePv,https://drive.google.com/file/d/1OHsbvfK_gIryvdoYcAJnKkT4f-GQwePv/view?usp=drivesdk,Laporan Sarkop SO_11/01/2025,Data merged and appended successfully; PDF created; Run via form trigger as sarjanawarkop.id@gmail.com; Timestamp: Oct 31 2025 10:16 PM
Garam,Cukup untuk hari ini,-,-,-,?,Barokah / Seberang,Bahan Lainnya,Garam [?],,,1OHsbvfK_gIryvdoYcAJnKkT4f-GQwePv,https://drive.google.com/file/d/1OHsbvfK_gIryvdoYcAJnKkT4f-GQwePv/view?usp=drivesdk,Laporan Sarkop SO_11/01/2025,Data merged and appended successfully; PDF created; Run via form trigger as sarjanawarkop.id@gmail.com; Timestamp: Oct 31 2025 10:16 PM
MSG,Tidak cukup,-,-,-,?,Barokah,Bahan Lainnya,MSG [?],,,1OHsbvfK_gIryvdoYcAJnKkT4f-GQwePv,https://drive.google.com/file/d/1OHsbvfK_gIryvdoYcAJnKkT4f-GQwePv/view?usp=drivesdk,Laporan Sarkop SO_11/01/2025,Data merged and appended successfully; PDF created; Run via form trigger as sarjanawarkop.id@gmail.com; Timestamp: Oct 31 2025 10:16 PM
Cabe Rawit Merah,Cukup untuk hari ini,-,-,-,?,Barokah,Bahan Lainnya,Cabe Rawit Merah [?],,,1OHsbvfK_gIryvdoYcAJnKkT4f-GQwePv,https://drive.google.com/file/d/1OHsbvfK_gIryvdoYcAJnKkT4f-GQwePv/view?usp=drivesdk,Laporan Sarkop SO_11/01/2025,Data merged and appended successfully; PDF created; Run via form trigger as sarjanawarkop.id@gmail.com; Timestamp: Oct 31 2025 10:16 PM
Cabe Besar,Tidak cukup,-,-,-,?,Barokah / Pasar,Bahan Lainnya,Cabe Besar [?],,,1OHsbvfK_gIryvdoYcAJnKkT4f-GQwePv,https://drive.google.com/file/d/1OHsbvfK_gIryvdoYcAJnKkT4f-GQwePv/view?usp=drivesdk,Laporan Sarkop SO_11/01/2025,Data merged and appended successfully; PDF created; Run via form trigger as sarjanawarkop.id@gmail.com; Timestamp: Oct 31 2025 10:16 PM
Daun Bawang,Cukup untuk hari ini,-,-,-,?,Barokah / Pasar,Bahan Lainnya,Daun Bawang [?],,,1OHsbvfK_gIryvdoYcAJnKkT4f-GQwePv,https://drive.google.com/file/d/1OHsbvfK_gIryvdoYcAJnKkT4f-GQwePv/view?usp=drivesdk,Laporan Sarkop SO_11/01/2025,Data merged and appended successfully; PDF created; Run via form trigger as sarjanawarkop.id@gmail.com; Timestamp: Oct 31 2025 10:16 PM
Bawang Merah,Cukup untuk hari ini,-,-,-,?,Barokah,Bahan Lainnya,Bawang Merah [?],,,1OHsbvfK_gIryvdoYcAJnKkT4f-GQwePv,https://drive.google.com/file/d/1OHsbvfK_gIryvdoYcAJnKkT4f-GQwePv/view?usp=drivesdk,Laporan Sarkop SO_11/01/2025,Data merged and appended successfully; PDF created; Run via form trigger as sarjanawarkop.id@gmail.com; Timestamp: Oct 31 2025 10:16 PM
Bawang Putih,Cukup untuk hari ini,-,-,-,?,Barokah,Bahan Lainnya,Bawang Putih [?],,,1OHsbvfK_gIryvdoYcAJnKkT4f-GQwePv,https://drive.google.com/file/d/1OHsbvfK_gIryvdoYcAJnKkT4f-GQwePv/view?usp=drivesdk,Laporan Sarkop SO_11/01/2025,Data merged and appended successfully; PDF created; Run via form trigger as sarjanawarkop.id@gmail.com; Timestamp: Oct 31 2025 10:16 PM
Sawi,Tidak cukup,-,-,-,?,Barokah,Bahan Lainnya,Sawi [?],,,1OHsbvfK_gIryvdoYcAJnKkT4f-GQwePv,https://drive.google.com/file/d/1OHsbvfK_gIryvdoYcAJnKkT4f-GQwePv/view?usp=drivesdk,Laporan Sarkop SO_11/01/2025,Data merged and appended successfully; PDF created; Run via form trigger as sarjanawarkop.id@gmail.com; Timestamp: Oct 31 2025 10:16 PM
Tomat,Cukup untuk hari ini,-,-,-,?,Barokah,Bahan Lainnya,Tomat [?],,,1OHsbvfK_gIryvdoYcAJnKkT4f-GQwePv,https://drive.google.com/file/d/1OHsbvfK_gIryvdoYcAJnKkT4f-GQwePv/view?usp=drivesdk,Laporan Sarkop SO_11/01/2025,Data merged and appended successfully; PDF created; Run via form trigger as sarjanawarkop.id@gmail.com; Timestamp: Oct 31 2025 10:16 PM
Gula,Tidak cukup,-,-,-,?,Barokah / Seberang,Bahan Lainnya,Gula [?],,,1OHsbvfK_gIryvdoYcAJnKkT4f-GQwePv,https://drive.google.com/file/d/1OHsbvfK_gIryvdoYcAJnKkT4f-GQwePv/view?usp=drivesdk,Laporan Sarkop SO_11/01/2025,Data merged and appended successfully; PDF created; Run via form trigger as sarjanawarkop.id@gmail.com; Timestamp: Oct 31 2025 10:16 PM
Jinten,Tidak cukup,-,-,-,?,Superindo / Online,Bahan Lainnya,Jinten [?],,,1OHsbvfK_gIryvdoYcAJnKkT4f-GQwePv,https://drive.google.com/file/d/1OHsbvfK_gIryvdoYcAJnKkT4f-GQwePv/view?usp=drivesdk,Laporan Sarkop SO_11/01/2025,Data merged and appended successfully; PDF created; Run via form trigger as sarjanawarkop.id@gmail.com; Timestamp: Oct 31 2025 10:16 PM
Kencur,Tidak cukup,-,-,-,?,Barokah,Bahan Lainnya,Kencur [?],,,1OHsbvfK_gIryvdoYcAJnKkT4f-GQwePv,https://drive.google.com/file/d/1OHsbvfK_gIryvdoYcAJnKkT4f-GQwePv/view?usp=drivesdk,Laporan Sarkop SO_11/01/2025,Data merged and appended successfully; PDF created; Run via form trigger as sarjanawarkop.id@gmail.com; Timestamp: Oct 31 2025 10:16 PM
Parsley,Low,1,2,3,botol 19 gr,Online,Bahan Lainnya,Parsley [botol 19 gr],,,1OHsbvfK_gIryvdoYcAJnKkT4f-GQwePv,https://drive.google.com/file/d/1OHsbvfK_gIryvdoYcAJnKkT4f-GQwePv/view?usp=drivesdk,Laporan Sarkop SO_11/01/2025,Data merged and appended successfully; PDF created; Run via form trigger as sarjanawarkop.id@gmail.com; Timestamp: Oct 31 2025 10:16 PM
Mie Burung Dara,-,2,1,2,pack 630 gr (isi 15),Barokah,Bahan Lainnya,Mie Burung Dara [pack 630 gr (isi 15)],,,1OHsbvfK_gIryvdoYcAJnKkT4f-GQwePv,https://drive.google.com/file/d/1OHsbvfK_gIryvdoYcAJnKkT4f-GQwePv/view?usp=drivesdk,Laporan Sarkop SO_11/01/2025,Data merged and appended successfully; PDF created; Run via form trigger as sarjanawarkop.id@gmail.com; Timestamp: Oct 31 2025 10:16 PM
Selai Cokelat,-,2,2,4,pack 1 kg,Online,Bahan Lainnya,Selai Cokelat [pack 1 kg],,,1OHsbvfK_gIryvdoYcAJnKkT4f-GQwePv,https://drive.google.com/file/d/1OHsbvfK_gIryvdoYcAJnKkT4f-GQwePv/view?usp=drivesdk,Laporan Sarkop SO_11/01/2025,Data merged and appended successfully; PDF created; Run via form trigger as sarjanawarkop.id@gmail.com; Timestamp: Oct 31 2025 10:16 PM
SKM Carnation,-,2,2,4,kaleng 488 gr,Barokah,Bahan Lainnya,SKM Carnation [kaleng 488 gr],,,1OHsbvfK_gIryvdoYcAJnKkT4f-GQwePv,https://drive.google.com/file/d/1OHsbvfK_gIryvdoYcAJnKkT4f-GQwePv/view?usp=drivesdk,Laporan Sarkop SO_11/01/2025,Data merged and appended successfully; PDF created; Run via form trigger as sarjanawarkop.id@gmail.com; Timestamp: Oct 31 2025 10:16 PM
Margarin,-,4,2,4,pack 200 gr,Barokah,Bahan Lainnya,Margarin [pack 200 gr],,,1OHsbvfK_gIryvdoYcAJnKkT4f-GQwePv,https://drive.google.com/file/d/1OHsbvfK_gIryvdoYcAJnKkT4f-GQwePv/view?usp=drivesdk,Laporan Sarkop SO_11/01/2025,Data merged and appended successfully; PDF created; Run via form trigger as sarjanawarkop.id@gmail.com; Timestamp: Oct 31 2025 10:16 PM
Selai Stroberi,-,1,1,2,pack 500 gr,Online,Bahan Lainnya,Selai Stroberi [pack 500 gr],,,1OHsbvfK_gIryvdoYcAJnKkT4f-GQwePv,https://drive.google.com/file/d/1OHsbvfK_gIryvdoYcAJnKkT4f-GQwePv/view?usp=drivesdk,Laporan Sarkop SO_11/01/2025,Data merged and appended successfully; PDF created; Run via form trigger as sarjanawarkop.id@gmail.com; Timestamp: Oct 31 2025 10:16 PM
Selai Srikaya,-,1,1,2,pack 800 gr,Online,Bahan Lainnya,Selai Srikaya [pack 800 gr],,,1OHsbvfK_gIryvdoYcAJnKkT4f-GQwePv,https://drive.google.com/file/d/1OHsbvfK_gIryvdoYcAJnKkT4f-GQwePv/view?usp=drivesdk,Laporan Sarkop SO_11/01/2025,Data merged and appended successfully; PDF created; Run via form trigger as sarjanawarkop.id@gmail.com; Timestamp: Oct 31 2025 10:16 PM
Selai Bluberi,-,2,1,2,pack 500 gr,Online,Bahan Lainnya,Selai Bluberi [pack 500 gr],,,1OHsbvfK_gIryvdoYcAJnKkT4f-GQwePv,https://drive.google.com/file/d/1OHsbvfK_gIryvdoYcAJnKkT4f-GQwePv/view?usp=drivesdk,Laporan Sarkop SO_11/01/2025,Data merged and appended successfully; PDF created; Run via form trigger as sarjanawarkop.id@gmail.com; Timestamp: Oct 31 2025 10:16 PM
Selai Matcha,Bahaya!,0,1,2,pack 1 kg,Online,Bahan Lainnya,Selai Matcha [pack 1 kg],,,1OHsbvfK_gIryvdoYcAJnKkT4f-GQwePv,https://drive.google.com/file/d/1OHsbvfK_gIryvdoYcAJnKkT4f-GQwePv/view?usp=drivesdk,Laporan Sarkop SO_11/01/2025,Data merged and appended successfully; PDF created; Run via form trigger as sarjanawarkop.id@gmail.com; Timestamp: Oct 31 2025 10:16 PM
Indomie Goreng Spesial (Original),-,20,20,40,pack,Barokah,Bahan Lainnya,Indomie Goreng Spesial (Original) [pack],,,1OHsbvfK_gIryvdoYcAJnKkT4f-GQwePv,https://drive.google.com/file/d/1OHsbvfK_gIryvdoYcAJnKkT4f-GQwePv/view?usp=drivesdk,Laporan Sarkop SO_11/01/2025,Data merged and appended successfully; PDF created; Run via form trigger as sarjanawarkop.id@gmail.com; Timestamp: Oct 31 2025 10:16 PM
Indomie Goreng Rasa Cabe Ijo,-,14,8,16,pack,Barokah,Bahan Lainnya,Indomie Goreng Rasa Cabe Ijo [pack],,,1OHsbvfK_gIryvdoYcAJnKkT4f-GQwePv,https://drive.google.com/file/d/1OHsbvfK_gIryvdoYcAJnKkT4f-GQwePv/view?usp=drivesdk,Laporan Sarkop SO_11/01/2025,Data merged and appended successfully; PDF created; Run via form trigger as sarjanawarkop.id@gmail.com; Timestamp: Oct 31 2025 10:16 PM
Indomie Goreng Pedas,-,19,6,12,pack,Online,Bahan Lainnya,Indomie Goreng Pedas [pack],,,1OHsbvfK_gIryvdoYcAJnKkT4f-GQwePv,https://drive.google.com/file/d/1OHsbvfK_gIryvdoYcAJnKkT4f-GQwePv/view?usp=drivesdk,Laporan Sarkop SO_11/01/2025,Data merged and appended successfully; PDF created; Run via form trigger as sarjanawarkop.id@gmail.com; Timestamp: Oct 31 2025 10:16 PM
Indomie Goreng Pedas Kriuk 8x,Bahaya!,7,20,40,pack,Online,Bahan Lainnya,Indomie Goreng Pedas Kriuk 8x [pack],,,1OHsbvfK_gIryvdoYcAJnKkT4f-GQwePv,https://drive.google.com/file/d/1OHsbvfK_gIryvdoYcAJnKkT4f-GQwePv/view?usp=drivesdk,Laporan Sarkop SO_11/01/2025,Data merged and appended successfully; PDF created; Run via form trigger as sarjanawarkop.id@gmail.com; Timestamp: Oct 31 2025 10:16 PM
Indomie Goreng Rasa Iga Penyet,-,14,2,10,pack,Barokah,Bahan Lainnya,Indomie Goreng Rasa Iga Penyet [pack],,,1OHsbvfK_gIryvdoYcAJnKkT4f-GQwePv,https://drive.google.com/file/d/1OHsbvfK_gIryvdoYcAJnKkT4f-GQwePv/view?usp=drivesdk,Laporan Sarkop SO_11/01/2025,Data merged and appended successfully; PDF created; Run via form trigger as sarjanawarkop.id@gmail.com; Timestamp: Oct 31 2025 10:16 PM
Indomie Kuah Rasa Soto Mie,-,20,10,20,pack,Barokah,Bahan Lainnya,Indomie Kuah Rasa Soto Mie [pack],,,1OHsbvfK_gIryvdoYcAJnKkT4f-GQwePv,https://drive.google.com/file/d/1OHsbvfK_gIryvdoYcAJnKkT4f-GQwePv/view?usp=drivesdk,Laporan Sarkop SO_11/01/2025,Data merged and appended successfully; PDF created; Run via form trigger as sarjanawarkop.id@gmail.com; Timestamp: Oct 31 2025 10:16 PM
Indomie Kuah Rasa Soto Spesial,-,10,6,12,pack,Online (idm),Bahan Lainnya,Indomie Kuah Rasa Soto Spesial [pack],,,1OHsbvfK_gIryvdoYcAJnKkT4f-GQwePv,https://drive.google.com/file/d/1OHsbvfK_gIryvdoYcAJnKkT4f-GQwePv/view?usp=drivesdk,Laporan Sarkop SO_11/01/2025,Data merged and appended successfully; PDF created; Run via form trigger as sarjanawarkop.id@gmail.com; Timestamp: Oct 31 2025 10:16 PM
Indomie Kuah Rasa Ayam Bawang,Low,10,14,28,pack,Barokah,Bahan Lainnya,Indomie Kuah Rasa Ayam Bawang [pack],,,1OHsbvfK_gIryvdoYcAJnKkT4f-GQwePv,https://drive.google.com/file/d/1OHsbvfK_gIryvdoYcAJnKkT4f-GQwePv/view?usp=drivesdk,Laporan Sarkop SO_11/01/2025,Data merged and appended successfully; PDF created; Run via form trigger as sarjanawarkop.id@gmail.com; Timestamp: Oct 31 2025 10:16 PM
Indomie Kuah Rasa Ayam Spesial,Low,5,6,12,pack,Online (idm),Bahan Lainnya,Indomie Kuah Rasa Ayam Spesial [pack],,,1OHsbvfK_gIryvdoYcAJnKkT4f-GQwePv,https://drive.google.com/file/d/1OHsbvfK_gIryvdoYcAJnKkT4f-GQwePv/view?usp=drivesdk,Laporan Sarkop SO_11/01/2025,Data merged and appended successfully; PDF created; Run via form trigger as sarjanawarkop.id@gmail.com; Timestamp: Oct 31 2025 10:16 PM
Indomie Kuah Rasa Kari Ayam,Bahaya!,1,10,20,pack,Barokah,Bahan Lainnya,Indomie Kuah Rasa Kari Ayam [pack],,,1OHsbvfK_gIryvdoYcAJnKkT4f-GQwePv,https://drive.google.com/file/d/1OHsbvfK_gIryvdoYcAJnKkT4f-GQwePv/view?usp=drivesdk,Laporan Sarkop SO_11/01/2025,Data merged and appended successfully; PDF created; Run via form trigger as sarjanawarkop.id@gmail.com; Timestamp: Oct 31 2025 10:16 PM
Indomie Kuah Rasa Kaldu Ayam,Low,3,6,12,pack,Online (idm),Bahan Lainnya,Indomie Kuah Rasa Kaldu Ayam [pack],,,1OHsbvfK_gIryvdoYcAJnKkT4f-GQwePv,https://drive.google.com/file/d/1OHsbvfK_gIryvdoYcAJnKkT4f-GQwePv/view?usp=drivesdk,Laporan Sarkop SO_11/01/2025,Data merged and appended successfully; PDF created; Run via form trigger as sarjanawarkop.id@gmail.com; Timestamp: Oct 31 2025 10:16 PM
Indomie Kuah Rasa Kaldu Udang,-,10,6,12,pack,Online,Bahan Lainnya,Indomie Kuah Rasa Kaldu Udang [pack],,,1OHsbvfK_gIryvdoYcAJnKkT4f-GQwePv,https://drive.google.com/file/d/1OHsbvfK_gIryvdoYcAJnKkT4f-GQwePv/view?usp=drivesdk,Laporan Sarkop SO_11/01/2025,Data merged and appended successfully; PDF created; Run via form trigger as sarjanawarkop.id@gmail.com; Timestamp: Oct 31 2025 10:16 PM
Indomie Goreng Rasa Sambal Rica-Rica (Sulawesi Utara),-,14,12,24,pack,Online,Bahan Lainnya,Indomie Goreng Rasa Sambal Rica-Rica (Sulawesi Utara) [pack],,,1OHsbvfK_gIryvdoYcAJnKkT4f-GQwePv,https://drive.google.com/file/d/1OHsbvfK_gIryvdoYcAJnKkT4f-GQwePv/view?usp=drivesdk,Laporan Sarkop SO_11/01/2025,Data merged and appended successfully; PDF created; Run via form trigger as sarjanawarkop.id@gmail.com; Timestamp: Oct 31 2025 10:16 PM
Indomie Goreng Rasa Rendang (Padang),-,19,16,32,pack,Barokah,Bahan Lainnya,Indomie Goreng Rasa Rendang (Padang) [pack],,,1OHsbvfK_gIryvdoYcAJnKkT4f-GQwePv,https://drive.google.com/file/d/1OHsbvfK_gIryvdoYcAJnKkT4f-GQwePv/view?usp=drivesdk,Laporan Sarkop SO_11/01/2025,Data merged and appended successfully; PDF created; Run via form trigger as sarjanawarkop.id@gmail.com; Timestamp: Oct 31 2025 10:16 PM
Indomie Goreng Mi Goreng Aceh (Aceh),-,14,6,12,pack,Barokah,Bahan Lainnya,Indomie Goreng Mi Goreng Aceh (Aceh) [pack],,,1OHsbvfK_gIryvdoYcAJnKkT4f-GQwePv,https://drive.google.com/file/d/1OHsbvfK_gIryvdoYcAJnKkT4f-GQwePv/view?usp=drivesdk,Laporan Sarkop SO_11/01/2025,Data merged and appended successfully; PDF created; Run via form trigger as sarjanawarkop.id@gmail.com; Timestamp: Oct 31 2025 10:16 PM
Indomie Kuah Rasa Soto Medan (Sumatera Utara),-,12,6,12,pack,Online,Bahan Lainnya,Indomie Kuah Rasa Soto Medan (Sumatera Utara) [pack],,,1OHsbvfK_gIryvdoYcAJnKkT4f-GQwePv,https://drive.google.com/file/d/1OHsbvfK_gIryvdoYcAJnKkT4f-GQwePv/view?usp=drivesdk,Laporan Sarkop SO_11/01/2025,Data merged and appended successfully; PDF created; Run via form trigger as sarjanawarkop.id@gmail.com; Timestamp: Oct 31 2025 10:16 PM
Indomie Kuah Rasa Mi Celor (Palembang),-,12,6,12,pack,Online,Bahan Lainnya,Indomie Kuah Rasa Mi Celor (Palembang) [pack],,,1OHsbvfK_gIryvdoYcAJnKkT4f-GQwePv,https://drive.google.com/file/d/1OHsbvfK_gIryvdoYcAJnKkT4f-GQwePv/view?usp=drivesdk,Laporan Sarkop SO_11/01/2025,Data merged and appended successfully; PDF created; Run via form trigger as sarjanawarkop.id@gmail.com; Timestamp: Oct 31 2025 10:16 PM
Indomie Kuah Rasa Soto Lamongan (Jawa Timur),-,7,6,12,pack,Online,Bahan Lainnya,Indomie Kuah Rasa Soto Lamongan (Jawa Timur) [pack],,,1OHsbvfK_gIryvdoYcAJnKkT4f-GQwePv,https://drive.google.com/file/d/1OHsbvfK_gIryvdoYcAJnKkT4f-GQwePv/view?usp=drivesdk,Laporan Sarkop SO_11/01/2025,Data merged and appended successfully; PDF created; Run via form trigger as sarjanawarkop.id@gmail.com; Timestamp: Oct 31 2025 10:16 PM
Indomie Kuah Rasa Empal Gentong (Cirebon),-,8,2,10,pack,Barokah,Bahan Lainnya,Indomie Kuah Rasa Empal Gentong (Cirebon) [pack],,,1OHsbvfK_gIryvdoYcAJnKkT4f-GQwePv,https://drive.google.com/file/d/1OHsbvfK_gIryvdoYcAJnKkT4f-GQwePv/view?usp=drivesdk,Laporan Sarkop SO_11/01/2025,Data merged and appended successfully; PDF created; Run via form trigger as sarjanawarkop.id@gmail.com; Timestamp: Oct 31 2025 10:16 PM
Indomie Kuah Rasa Mi Kocok Bandung (Jawa Barat),-,8,4,10,pack,Barokah,Bahan Lainnya,Indomie Kuah Rasa Mi Kocok Bandung (Jawa Barat) [pack],,,1OHsbvfK_gIryvdoYcAJnKkT4f-GQwePv,https://drive.google.com/file/d/1OHsbvfK_gIryvdoYcAJnKkT4f-GQwePv/view?usp=drivesdk,Laporan Sarkop SO_11/01/2025,Data merged and appended successfully; PDF created; Run via form trigger as sarjanawarkop.id@gmail.com; Timestamp: Oct 31 2025 10:16 PM
Indomie Kuah Rasa Rawon Pedas Mercon (Jawa Timur),-,7,6,12,pack,Online,Bahan Lainnya,Indomie Kuah Rasa Rawon Pedas Mercon (Jawa Timur) [pack],,,1OHsbvfK_gIryvdoYcAJnKkT4f-GQwePv,https://drive.google.com/file/d/1OHsbvfK_gIryvdoYcAJnKkT4f-GQwePv/view?usp=drivesdk,Laporan Sarkop SO_11/01/2025,Data merged and appended successfully; PDF created; Run via form trigger as sarjanawarkop.id@gmail.com; Timestamp: Oct 31 2025 10:16 PM
Indomie Kuah Rasa Soto Banjar (Kalimantan Selatan),-,14,6,12,pack,Online,Bahan Lainnya,Indomie Kuah Rasa Soto Banjar (Kalimantan Selatan) [pack],,,1OHsbvfK_gIryvdoYcAJnKkT4f-GQwePv,https://drive.google.com/file/d/1OHsbvfK_gIryvdoYcAJnKkT4f-GQwePv/view?usp=drivesdk,Laporan Sarkop SO_11/01/2025,Data merged and appended successfully; PDF created; Run via form trigger as sarjanawarkop.id@gmail.com; Timestamp: Oct 31 2025 10:16 PM
Indomie Kuah Rasa Soto Banjar Limau Kuit (Kalsel – varian limau),-,14,12,24,pack,Online,Bahan Lainnya,Indomie Kuah Rasa Soto Banjar Limau Kuit (Kalsel – varian limau) [pack],,,1OHsbvfK_gIryvdoYcAJnKkT4f-GQwePv,https://drive.google.com/file/d/1OHsbvfK_gIryvdoYcAJnKkT4f-GQwePv/view?usp=drivesdk,Laporan Sarkop SO_11/01/2025,Data merged and appended successfully; PDF created; Run via form trigger as sarjanawarkop.id@gmail.com; Timestamp: Oct 31 2025 10:16 PM
Indomie Kuah Rasa Coto Makassar (Sulawesi Selatan),-,14,6,12,pack,Online,Bahan Lainnya,Indomie Kuah Rasa Coto Makassar (Sulawesi Selatan) [pack],,,1OHsbvfK_gIryvdoYcAJnKkT4f-GQwePv,https://drive.google.com/file/d/1OHsbvfK_gIryvdoYcAJnKkT4f-GQwePv/view?usp=drivesdk,Laporan Sarkop SO_11/01/2025,Data merged and appended successfully; PDF created; Run via form trigger as sarjanawarkop.id@gmail.com; Timestamp: Oct 31 2025 10:16 PM
Indomie Goreng Rasa Cakalang (Manado/Sulut),-,10,8,16,pack,Barokah / Online,Bahan Lainnya,Indomie Goreng Rasa Cakalang (Manado/Sulut) [pack],,,1OHsbvfK_gIryvdoYcAJnKkT4f-GQwePv,https://drive.google.com/file/d/1OHsbvfK_gIryvdoYcAJnKkT4f-GQwePv/view?usp=drivesdk,Laporan Sarkop SO_11/01/2025,Data merged and appended successfully; PDF created; Run via form trigger as sarjanawarkop.id@gmail.com; Timestamp: Oct 31 2025 10:16 PM
Indomie Kuah Rasa Cakalang (Manado/Sulut),-,8,4,10,pack,Barokah / Online,Bahan Lainnya,Indomie Kuah Rasa Cakalang (Manado/Sulut) [pack],,,1OHsbvfK_gIryvdoYcAJnKkT4f-GQwePv,https://drive.google.com/file/d/1OHsbvfK_gIryvdoYcAJnKkT4f-GQwePv/view?usp=drivesdk,Laporan Sarkop SO_11/01/2025,Data merged and appended successfully; PDF created; Run via form trigger as sarjanawarkop.id@gmail.com; Timestamp: Oct 31 2025 10:16 PM
Indomie Keriting Goreng Spesial,-,14,3,10,pack,Online (idm),Bahan Lainnya,Indomie Keriting Goreng Spesial [pack],,,1OHsbvfK_gIryvdoYcAJnKkT4f-GQwePv,https://drive.google.com/file/d/1OHsbvfK_gIryvdoYcAJnKkT4f-GQwePv/view?usp=drivesdk,Laporan Sarkop SO_11/01/2025,Data merged and appended successfully; PDF created; Run via form trigger as sarjanawarkop.id@gmail.com; Timestamp: Oct 31 2025 10:16 PM
Indomie Keriting Goreng Rasa Ayam Panggang,-,14,3,10,pack,Online (idm),Bahan Lainnya,Indomie Keriting Goreng Rasa Ayam Panggang [pack],,,1OHsbvfK_gIryvdoYcAJnKkT4f-GQwePv,https://drive.google.com/file/d/1OHsbvfK_gIryvdoYcAJnKkT4f-GQwePv/view?usp=drivesdk,Laporan Sarkop SO_11/01/2025,Data merged and appended successfully; PDF created; Run via form trigger as sarjanawarkop.id@gmail.com; Timestamp: Oct 31 2025 10:16 PM
Indomie Goreng Hype Rasa Ayam Geprek,-,21,4,10,pack,Barokah,Bahan Lainnya,Indomie Goreng Hype Rasa Ayam Geprek [pack],,,1OHsbvfK_gIryvdoYcAJnKkT4f-GQwePv,https://drive.google.com/file/d/1OHsbvfK_gIryvdoYcAJnKkT4f-GQwePv/view?usp=drivesdk,Laporan Sarkop SO_11/01/2025,Data merged and appended successfully; PDF created; Run via form trigger as sarjanawarkop.id@gmail.com; Timestamp: Oct 31 2025 10:16 PM
Indomie Nyemek Hype Bangladesh Rasa Kari,-,10,6,12,pack,Barokah / Online (idm),Bahan Lainnya,Indomie Nyemek Hype Bangladesh Rasa Kari [pack],,,1OHsbvfK_gIryvdoYcAJnKkT4f-GQwePv,https://drive.google.com/file/d/1OHsbvfK_gIryvdoYcAJnKkT4f-GQwePv/view?usp=drivesdk,Laporan Sarkop SO_11/01/2025,Data merged and appended successfully; PDF created; Run via form trigger as sarjanawarkop.id@gmail.com; Timestamp: Oct 31 2025 10:16 PM
Indomie Kuah Hype Rasa Seblak Hot Jeletot,-,6,4,10,pack,Barokah,Bahan Lainnya,Indomie Kuah Hype Rasa Seblak Hot Jeletot [pack],,,1OHsbvfK_gIryvdoYcAJnKkT4f-GQwePv,https://drive.google.com/file/d/1OHsbvfK_gIryvdoYcAJnKkT4f-GQwePv/view?usp=drivesdk,Laporan Sarkop SO_11/01/2025,Data merged and appended successfully; PDF created; Run via form trigger as sarjanawarkop.id@gmail.com; Timestamp: Oct 31 2025 10:16 PM
Indomie Kuah Tori Miso Ramen,-,10,2,10,pack,Barokah,Bahan Lainnya,Indomie Kuah Tori Miso Ramen [pack],,,1OHsbvfK_gIryvdoYcAJnKkT4f-GQwePv,https://drive.google.com/file/d/1OHsbvfK_gIryvdoYcAJnKkT4f-GQwePv/view?usp=drivesdk,Laporan Sarkop SO_11/01/2025,Data merged and appended successfully; PDF created; Run via form trigger as sarjanawarkop.id@gmail.com; Timestamp: Oct 31 2025 10:16 PM
Indomie Kuah Tori Kara Ramen,-,4,3,10,pack,Online (idm),Bahan Lainnya,Indomie Kuah Tori Kara Ramen [pack],,,1OHsbvfK_gIryvdoYcAJnKkT4f-GQwePv,https://drive.google.com/file/d/1OHsbvfK_gIryvdoYcAJnKkT4f-GQwePv/view?usp=drivesdk,Laporan Sarkop SO_11/01/2025,Data merged and appended successfully; PDF created; Run via form trigger as sarjanawarkop.id@gmail.com; Timestamp: Oct 31 2025 10:16 PM
Indomie Goreng K-Rose (Korean Rosé Sauce),Bahaya!,0,2,2,pack,Online,Bahan Lainnya,Indomie Goreng K-Rose (Korean Rosé Sauce) [pack],,,1OHsbvfK_gIryvdoYcAJnKkT4f-GQwePv,https://drive.google.com/file/d/1OHsbvfK_gIryvdoYcAJnKkT4f-GQwePv/view?usp=drivesdk,Laporan Sarkop SO_11/01/2025,Data merged and appended successfully; PDF created; Run via form trigger as sarjanawarkop.id@gmail.com; Timestamp: Oct 31 2025 10:16 PM
Indomie Goreng Fiery Chikin,Bahaya!,0,2,2,pack,Online,Bahan Lainnya,Indomie Goreng Fiery Chikin [pack],,,1OHsbvfK_gIryvdoYcAJnKkT4f-GQwePv,https://drive.google.com/file/d/1OHsbvfK_gIryvdoYcAJnKkT4f-GQwePv/view?usp=drivesdk,Laporan Sarkop SO_11/01/2025,Data merged and appended successfully; PDF created; Run via form trigger as sarjanawarkop.id@gmail.com; Timestamp: Oct 31 2025 10:16 PM
Indomie Kuah Spicy Ramyeon,-,4,2,2,pack,Online,Bahan Lainnya,Indomie Kuah Spicy Ramyeon [pack],,,1OHsbvfK_gIryvdoYcAJnKkT4f-GQwePv,https://drive.google.com/file/d/1OHsbvfK_gIryvdoYcAJnKkT4f-GQwePv/view?usp=drivesdk,Laporan Sarkop SO_11/01/2025,Data merged and appended successfully; PDF created; Run via form trigger as sarjanawarkop.id@gmail.com; Timestamp: Oct 31 2025 10:16 PM
Indomie Goreng Jumbo Special,-,12,4,10,pack,Barokah,Bahan Lainnya,Indomie Goreng Jumbo Special [pack],,,1OHsbvfK_gIryvdoYcAJnKkT4f-GQwePv,https://drive.google.com/file/d/1OHsbvfK_gIryvdoYcAJnKkT4f-GQwePv/view?usp=drivesdk,Laporan Sarkop SO_11/01/2025,Data merged and appended successfully; PDF created; Run via form trigger as sarjanawarkop.id@gmail.com; Timestamp: Oct 31 2025 10:16 PM
Indomie Goreng Jumbo Rasa Ayam Panggang,-,12,3,10,pack,Online (idm),Bahan Lainnya,Indomie Goreng Jumbo Rasa Ayam Panggang [pack],,,1OHsbvfK_gIryvdoYcAJnKkT4f-GQwePv,https://drive.google.com/file/d/1OHsbvfK_gIryvdoYcAJnKkT4f-GQwePv/view?usp=drivesdk,Laporan Sarkop SO_11/01/2025,Data merged and appended successfully; PDF created; Run via form trigger as sarjanawarkop.id@gmail.com; Timestamp: Oct 31 2025 10:16 PM
Indomie Goreng Jumbo Rendang,-,12,6,12,pack,Online (idm),Bahan Lainnya,Indomie Goreng Jumbo Rendang [pack],,,1OHsbvfK_gIryvdoYcAJnKkT4f-GQwePv,https://drive.google.com/file/d/1OHsbvfK_gIryvdoYcAJnKkT4f-GQwePv/view?usp=drivesdk,Laporan Sarkop SO_11/01/2025,Data merged and appended successfully; PDF created; Run via form trigger as sarjanawarkop.id@gmail.com; Timestamp: Oct 31 2025 10:16 PM
Mie Gaga Goreng Original Indonesia,-,5,3,10,pack,Online (idm),Bahan Lainnya,Mie Gaga Goreng Original Indonesia [pack],,,1OHsbvfK_gIryvdoYcAJnKkT4f-GQwePv,https://drive.google.com/file/d/1OHsbvfK_gIryvdoYcAJnKkT4f-GQwePv/view?usp=drivesdk,Laporan Sarkop SO_11/01/2025,Data merged and appended successfully; PDF created; Run via form trigger as sarjanawarkop.id@gmail.com; Timestamp: Oct 31 2025 10:16 PM
Mie Gaga Goreng Special,-,8,3,10,pack,Online (idm),Bahan Lainnya,Mie Gaga Goreng Special [pack],,,1OHsbvfK_gIryvdoYcAJnKkT4f-GQwePv,https://drive.google.com/file/d/1OHsbvfK_gIryvdoYcAJnKkT4f-GQwePv/view?usp=drivesdk,Laporan Sarkop SO_11/01/2025,Data merged and appended successfully; PDF created; Run via form trigger as sarjanawarkop.id@gmail.com; Timestamp: Oct 31 2025 10:16 PM
Mie Gaga Kuah 100 Extra Pedas Jalapeno,-,4,3,10,pack,Online (idm),Bahan Lainnya,Mie Gaga Kuah 100 Extra Pedas Jalapeno [pack],,,1OHsbvfK_gIryvdoYcAJnKkT4f-GQwePv,https://drive.google.com/file/d/1OHsbvfK_gIryvdoYcAJnKkT4f-GQwePv/view?usp=drivesdk,Laporan Sarkop SO_11/01/2025,Data merged and appended successfully; PDF created; Run via form trigger as sarjanawarkop.id@gmail.com; Timestamp: Oct 31 2025 10:16 PM
Mie Sedaap Goreng,Bahaya!,0,2,10,pack,Barokah,Bahan Lainnya,Mie Sedaap Goreng [pack],,,1OHsbvfK_gIryvdoYcAJnKkT4f-GQwePv,https://drive.google.com/file/d/1OHsbvfK_gIryvdoYcAJnKkT4f-GQwePv/view?usp=drivesdk,Laporan Sarkop SO_11/01/2025,Data merged and appended successfully; PDF created; Run via form trigger as sarjanawarkop.id@gmail.com; Timestamp: Oct 31 2025 10:16 PM
Mie Sedaap Kuah White Curry,-,10,2,10,pack,Barokah,Bahan Lainnya,Mie Sedaap Kuah White Curry [pack],,,1OHsbvfK_gIryvdoYcAJnKkT4f-GQwePv,https://drive.google.com/file/d/1OHsbvfK_gIryvdoYcAJnKkT4f-GQwePv/view?usp=drivesdk,Laporan Sarkop SO_11/01/2025,Data merged and appended successfully; PDF created; Run via form trigger as sarjanawarkop.id@gmail.com; Timestamp: Oct 31 2025 10:16 PM
Mie Sedaap Tasty Bakmi Ayam,-,5,3,10,pack,Online (idm),Bahan Lainnya,Mie Sedaap Tasty Bakmi Ayam [pack],,,1OHsbvfK_gIryvdoYcAJnKkT4f-GQwePv,https://drive.google.com/file/d/1OHsbvfK_gIryvdoYcAJnKkT4f-GQwePv/view?usp=drivesdk,Laporan Sarkop SO_11/01/2025,Data merged and appended successfully; PDF created; Run via form trigger as sarjanawarkop.id@gmail.com; Timestamp: Oct 31 2025 10:16 PM
Mie Sedaap Selection Korean Cheese Buldak (Goreng),-,10,3,10,pack,Online (idm),Bahan Lainnya,Mie Sedaap Selection Korean Cheese Buldak (Goreng) [pack],,,1OHsbvfK_gIryvdoYcAJnKkT4f-GQwePv,https://drive.google.com/file/d/1OHsbvfK_gIryvdoYcAJnKkT4f-GQwePv/view?usp=drivesdk,Laporan Sarkop SO_11/01/2025,Data merged and appended successfully; PDF created; Run via form trigger as sarjanawarkop.id@gmail.com; Timestamp: Oct 31 2025 10:16 PM
Mie Sedaap Selection Singapore Spicy Laksa (Kuah),-,19,3,10,pack,Online (idm),Bahan Lainnya,Mie Sedaap Selection Singapore Spicy Laksa (Kuah) [pack],,,1OHsbvfK_gIryvdoYcAJnKkT4f-GQwePv,https://drive.google.com/file/d/1OHsbvfK_gIryvdoYcAJnKkT4f-GQwePv/view?usp=drivesdk,Laporan Sarkop SO_11/01/2025,Data merged and appended successfully; PDF created; Run via form trigger as sarjanawarkop.id@gmail.com; Timestamp: Oct 31 2025 10:16 PM
Ahmad Tea - Camomile & Lemongrass,Bahaya!,0,1,2,pack utuh,Online,Bahan Lainnya,Ahmad Tea - Camomile & Lemongrass [pack utuh],,,1OHsbvfK_gIryvdoYcAJnKkT4f-GQwePv,https://drive.google.com/file/d/1OHsbvfK_gIryvdoYcAJnKkT4f-GQwePv/view?usp=drivesdk,Laporan Sarkop SO_11/01/2025,Data merged and appended successfully; PDF created; Run via form trigger as sarjanawarkop.id@gmail.com; Timestamp: Oct 31 2025 10:16 PM
Ahmad Tea - Peppermint & Lemon,Bahaya!,0,1,2,pack utuh,Online,Bahan Lainnya,Ahmad Tea - Peppermint & Lemon [pack utuh],,,1OHsbvfK_gIryvdoYcAJnKkT4f-GQwePv,https://drive.google.com/file/d/1OHsbvfK_gIryvdoYcAJnKkT4f-GQwePv/view?usp=drivesdk,Laporan Sarkop SO_11/01/2025,Data merged and appended successfully; PDF created; Run via form trigger as sarjanawarkop.id@gmail.com; Timestamp: Oct 31 2025 10:16 PM
Ahmad Tea - Rooibos & Cinnamon,Bahaya!,0,1,2,pack utuh,Online,Bahan Lainnya,Ahmad Tea - Rooibos & Cinnamon [pack utuh],,,1OHsbvfK_gIryvdoYcAJnKkT4f-GQwePv,https://drive.google.com/file/d/1OHsbvfK_gIryvdoYcAJnKkT4f-GQwePv/view?usp=drivesdk,Laporan Sarkop SO_11/01/2025,Data merged and appended successfully; PDF created; Run via form trigger as sarjanawarkop.id@gmail.com; Timestamp: Oct 31 2025 10:16 PM
Ahmad Tea - Wild Strawberry,Bahaya!,0,1,2,pack utuh,Online,Bahan Lainnya,Ahmad Tea - Wild Strawberry [pack utuh],,,1OHsbvfK_gIryvdoYcAJnKkT4f-GQwePv,https://drive.google.com/file/d/1OHsbvfK_gIryvdoYcAJnKkT4f-GQwePv/view?usp=drivesdk,Laporan Sarkop SO_11/01/2025,Data merged and appended successfully; PDF created; Run via form trigger as sarjanawarkop.id@gmail.com; Timestamp: Oct 31 2025 10:16 PM
Ahmad Tea - Mango & Lychee,-,2,1,2,pack utuh,Online,Bahan Lainnya,Ahmad Tea - Mango & Lychee [pack utuh],,,1OHsbvfK_gIryvdoYcAJnKkT4f-GQwePv,https://drive.google.com/file/d/1OHsbvfK_gIryvdoYcAJnKkT4f-GQwePv/view?usp=drivesdk,Laporan Sarkop SO_11/01/2025,Data merged and appended successfully; PDF created; Run via form trigger as sarjanawarkop.id@gmail.com; Timestamp: Oct 31 2025 10:16 PM
Ahmad Tea - Rose Hib Cherry,Bahaya!,0,1,2,pack utuh,Online,Bahan Lainnya,Ahmad Tea - Rose Hib Cherry [pack utuh],,,1OHsbvfK_gIryvdoYcAJnKkT4f-GQwePv,https://drive.google.com/file/d/1OHsbvfK_gIryvdoYcAJnKkT4f-GQwePv/view?usp=drivesdk,Laporan Sarkop SO_11/01/2025,Data merged and appended successfully; PDF created; Run via form trigger as sarjanawarkop.id@gmail.com; Timestamp: Oct 31 2025 10:16 PM
Ahmad Tea - Mixed Berries & Hibiscus,Bahaya!,0,1,2,pack utuh,Online,Bahan Lainnya,Ahmad Tea - Mixed Berries & Hibiscus [pack utuh],,,1OHsbvfK_gIryvdoYcAJnKkT4f-GQwePv,https://drive.google.com/file/d/1OHsbvfK_gIryvdoYcAJnKkT4f-GQwePv/view?usp=drivesdk,Laporan Sarkop SO_11/01/2025,Data merged and appended successfully; PDF created; Run via form trigger as sarjanawarkop.id@gmail.com; Timestamp: Oct 31 2025 10:16 PM
Ahmad Tea - Lemon & Lime,-,2,1,2,pack utuh,Online,Bahan Lainnya,Ahmad Tea - Lemon & Lime [pack utuh],,,1OHsbvfK_gIryvdoYcAJnKkT4f-GQwePv,https://drive.google.com/file/d/1OHsbvfK_gIryvdoYcAJnKkT4f-GQwePv/view?usp=drivesdk,Laporan Sarkop SO_11/01/2025,Data merged and appended successfully; PDF created; Run via form trigger as sarjanawarkop.id@gmail.com; Timestamp: Oct 31 2025 10:16 PM
Ahmad Tea - Raspberry & Pomegranate,Bahaya!,0,1,2,pack utuh,Online,Bahan Lainnya,Ahmad Tea - Raspberry & Pomegranate [pack utuh],,,1OHsbvfK_gIryvdoYcAJnKkT4f-GQwePv,https://drive.google.com/file/d/1OHsbvfK_gIryvdoYcAJnKkT4f-GQwePv/view?usp=drivesdk,Laporan Sarkop SO_11/01/2025,Data merged and appended successfully; PDF created; Run via form trigger as sarjanawarkop.id@gmail.com; Timestamp: Oct 31 2025 10:16 PM
Ahmad Tea - Peach & Passion Fruit,Bahaya!,0,1,2,pack utuh,Online,Bahan Lainnya,Ahmad Tea - Peach & Passion Fruit [pack utuh],,,1OHsbvfK_gIryvdoYcAJnKkT4f-GQwePv,https://drive.google.com/file/d/1OHsbvfK_gIryvdoYcAJnKkT4f-GQwePv/view?usp=drivesdk,Laporan Sarkop SO_11/01/2025,Data merged and appended successfully; PDF created; Run via form trigger as sarjanawarkop.id@gmail.com; Timestamp: Oct 31 2025 10:16 PM
Ahmad Tea - Peach & Lychee,Bahaya!,0,2,4,pack utuh,Online,Bahan Lainnya,Ahmad Tea - Peach & Lychee [pack utuh],,,1OHsbvfK_gIryvdoYcAJnKkT4f-GQwePv,https://drive.google.com/file/d/1OHsbvfK_gIryvdoYcAJnKkT4f-GQwePv/view?usp=drivesdk,Laporan Sarkop SO_11/01/2025,Data merged and appended successfully; PDF created; Run via form trigger as sarjanawarkop.id@gmail.com; Timestamp: Oct 31 2025 10:16 PM
Ahmad Tea - Evening Tea Decaffeinated,Bahaya!,0,1,2,pack utuh,Online,Bahan Lainnya,Ahmad Tea - Evening Tea Decaffeinated [pack utuh],,,1OHsbvfK_gIryvdoYcAJnKkT4f-GQwePv,https://drive.google.com/file/d/1OHsbvfK_gIryvdoYcAJnKkT4f-GQwePv/view?usp=drivesdk,Laporan Sarkop SO_11/01/2025,Data merged and appended successfully; PDF created; Run via form trigger as sarjanawarkop.id@gmail.com; Timestamp: Oct 31 2025 10:16 PM
Ahmad Tea - Mix Citrus,Bahaya!,0,1,2,pack utuh,Online,Bahan Lainnya,Ahmad Tea - Mix Citrus [pack utuh],,,1OHsbvfK_gIryvdoYcAJnKkT4f-GQwePv,https://drive.google.com/file/d/1OHsbvfK_gIryvdoYcAJnKkT4f-GQwePv/view?usp=drivesdk,Laporan Sarkop SO_11/01/2025,Data merged and appended successfully; PDF created; Run via form trigger as sarjanawarkop.id@gmail.com; Timestamp: Oct 31 2025 10:16 PM
Ahmad Tea - Lychee,Bahaya!,0,1,2,pack utuh,Online,Bahan Lainnya,Ahmad Tea - Lychee [pack utuh],,,1OHsbvfK_gIryvdoYcAJnKkT4f-GQwePv,https://drive.google.com/file/d/1OHsbvfK_gIryvdoYcAJnKkT4f-GQwePv/view?usp=drivesdk,Laporan Sarkop SO_11/01/2025,Data merged and appended successfully; PDF created; Run via form trigger as sarjanawarkop.id@gmail.com; Timestamp: Oct 31 2025 10:16 PM
Ahmad Tea - English Breakfast Tea,Bahaya!,0,1,2,pack utuh,Online,Bahan Lainnya,Ahmad Tea - English Breakfast Tea [pack utuh],,,1OHsbvfK_gIryvdoYcAJnKkT4f-GQwePv,https://drive.google.com/file/d/1OHsbvfK_gIryvdoYcAJnKkT4f-GQwePv/view?usp=drivesdk,Laporan Sarkop SO_11/01/2025,Data merged and appended successfully; PDF created; Run via form trigger as sarjanawarkop.id@gmail.com; Timestamp: Oct 31 2025 10:16 PM
Ahmad Tea - Green Tea Sencha,Bahaya!,0,1,2,pack utuh,Online,Bahan Lainnya,Ahmad Tea - Green Tea Sencha [pack utuh],,,1OHsbvfK_gIryvdoYcAJnKkT4f-GQwePv,https://drive.google.com/file/d/1OHsbvfK_gIryvdoYcAJnKkT4f-GQwePv/view?usp=drivesdk,Laporan Sarkop SO_11/01/2025,Data merged and appended successfully; PDF created; Run via form trigger as sarjanawarkop.id@gmail.com; Timestamp: Oct 31 2025 10:16 PM
Dilmah - Ginger & Honey,Bahaya!,0,1,2,pack utuh,Online,Bahan Lainnya,Dilmah - Ginger & Honey [pack utuh],,,1OHsbvfK_gIryvdoYcAJnKkT4f-GQwePv,https://drive.google.com/file/d/1OHsbvfK_gIryvdoYcAJnKkT4f-GQwePv/view?usp=drivesdk,Laporan Sarkop SO_11/01/2025,Data merged and appended successfully; PDF created; Run via form trigger as sarjanawarkop.id@gmail.com; Timestamp: Oct 31 2025 10:16 PM
Dilmah - Lychee,Bahaya!,0,1,2,pack utuh,Online,Bahan Lainnya,Dilmah - Lychee [pack utuh],,,1OHsbvfK_gIryvdoYcAJnKkT4f-GQwePv,https://drive.google.com/file/d/1OHsbvfK_gIryvdoYcAJnKkT4f-GQwePv/view?usp=drivesdk,Laporan Sarkop SO_11/01/2025,Data merged and appended successfully; PDF created; Run via form trigger as sarjanawarkop.id@gmail.com; Timestamp: Oct 31 2025 10:16 PM
Dilmah - Peach & Lychee,-,1,1,2,pack utuh,Online,Bahan Lainnya,Dilmah - Peach & Lychee [pack utuh],,,1OHsbvfK_gIryvdoYcAJnKkT4f-GQwePv,https://drive.google.com/file/d/1OHsbvfK_gIryvdoYcAJnKkT4f-GQwePv/view?usp=drivesdk,Laporan Sarkop SO_11/01/2025,Data merged and appended successfully; PDF created; Run via form trigger as sarjanawarkop.id@gmail.com; Timestamp: Oct 31 2025 10:16 PM
Dilmah - Moroccan Mint,-,1,1,2,pack utuh,Online,Bahan Lainnya,Dilmah - Moroccan Mint [pack utuh],,,1OHsbvfK_gIryvdoYcAJnKkT4f-GQwePv,https://drive.google.com/file/d/1OHsbvfK_gIryvdoYcAJnKkT4f-GQwePv/view?usp=drivesdk,Laporan Sarkop SO_11/01/2025,Data merged and appended successfully; PDF created; Run via form trigger as sarjanawarkop.id@gmail.com; Timestamp: Oct 31 2025 10:16 PM
Dilmah - Oolong Tea,-,1,1,2,pack utuh,Online,Bahan Lainnya,Dilmah - Oolong Tea [pack utuh],,,1OHsbvfK_gIryvdoYcAJnKkT4f-GQwePv,https://drive.google.com/file/d/1OHsbvfK_gIryvdoYcAJnKkT4f-GQwePv/view?usp=drivesdk,Laporan Sarkop SO_11/01/2025,Data merged and appended successfully; PDF created; Run via form trigger as sarjanawarkop.id@gmail.com; Timestamp: Oct 31 2025 10:16 PM
Dilmah Exceptional - Berry Sensation,Bahaya!,0,1,2,pack utuh,Online,Bahan Lainnya,Dilmah Exceptional - Berry Sensation [pack utuh],,,1OHsbvfK_gIryvdoYcAJnKkT4f-GQwePv,https://drive.google.com/file/d/1OHsbvfK_gIryvdoYcAJnKkT4f-GQwePv/view?usp=drivesdk,Laporan Sarkop SO_11/01/2025,Data merged and appended successfully; PDF created; Run via form trigger as sarjanawarkop.id@gmail.com; Timestamp: Oct 31 2025 10:16 PM
Dilmah Exceptional - Ceylon Green Tea,-,1,1,2,pack utuh,Online,Bahan Lainnya,Dilmah Exceptional - Ceylon Green Tea [pack utuh],,,1OHsbvfK_gIryvdoYcAJnKkT4f-GQwePv,https://drive.google.com/file/d/1OHsbvfK_gIryvdoYcAJnKkT4f-GQwePv/view?usp=drivesdk,Laporan Sarkop SO_11/01/2025,Data merged and appended successfully; PDF created; Run via form trigger as sarjanawarkop.id@gmail.com; Timestamp: Oct 31 2025 10:16 PM
Dilmah Exceptional - Rose with French Vanilla,Bahaya!,0,1,2,pack utuh,Online,Bahan Lainnya,Dilmah Exceptional - Rose with French Vanilla [pack utuh],,,1OHsbvfK_gIryvdoYcAJnKkT4f-GQwePv,https://drive.google.com/file/d/1OHsbvfK_gIryvdoYcAJnKkT4f-GQwePv/view?usp=drivesdk,Laporan Sarkop SO_11/01/2025,Data merged and appended successfully; PDF created; Run via form trigger as sarjanawarkop.id@gmail.com; Timestamp: Oct 31 2025 10:16 PM
Dilmah Exceptional - Peppermint & English Toffee,Bahaya!,0,1,2,pack utuh,Online,Bahan Lainnya,Dilmah Exceptional - Peppermint & English Toffee [pack utuh],,,1OHsbvfK_gIryvdoYcAJnKkT4f-GQwePv,https://drive.google.com/file/d/1OHsbvfK_gIryvdoYcAJnKkT4f-GQwePv/view?usp=drivesdk,Laporan Sarkop SO_11/01/2025,Data merged and appended successfully; PDF created; Run via form trigger as sarjanawarkop.id@gmail.com; Timestamp: Oct 31 2025 10:16 PM
Sir Thomas J. Lipton - Forrest Berries,-,1,1,2,pack utuh,Online,Bahan Lainnya,Sir Thomas J. Lipton - Forrest Berries [pack utuh],,,1OHsbvfK_gIryvdoYcAJnKkT4f-GQwePv,https://drive.google.com/file/d/1OHsbvfK_gIryvdoYcAJnKkT4f-GQwePv/view?usp=drivesdk,Laporan Sarkop SO_11/01/2025,Data merged and appended successfully; PDF created; Run via form trigger as sarjanawarkop.id@gmail.com; Timestamp: Oct 31 2025 10:16 PM
Sir Thomas J. Lipton - Green Tea with Jasmine,-,3,1,2,pack utuh,Online,Bahan Lainnya,Sir Thomas J. Lipton - Green Tea with Jasmine [pack utuh],,,1OHsbvfK_gIryvdoYcAJnKkT4f-GQwePv,https://drive.google.com/file/d/1OHsbvfK_gIryvdoYcAJnKkT4f-GQwePv/view?usp=drivesdk,Laporan Sarkop SO_11/01/2025,Data merged and appended successfully; PDF created; Run via form trigger as sarjanawarkop.id@gmail.com; Timestamp: Oct 31 2025 10:16 PM
Sir Thomas J. Lipton - Decaffeinated Black Tea,Bahaya!,0,1,2,pack utuh,Online,Bahan Lainnya,Sir Thomas J. Lipton - Decaffeinated Black Tea [pack utuh],,,1OHsbvfK_gIryvdoYcAJnKkT4f-GQwePv,https://drive.google.com/file/d/1OHsbvfK_gIryvdoYcAJnKkT4f-GQwePv/view?usp=drivesdk,Laporan Sarkop SO_11/01/2025,Data merged and appended successfully; PDF created; Run via form trigger as sarjanawarkop.id@gmail.com; Timestamp: Oct 31 2025 10:16 PM
Sir Thomas J. Lipton - English Breakfast Tea,Bahaya!,0,1,2,pack utuh,Online,Bahan Lainnya,Sir Thomas J. Lipton - English Breakfast Tea [pack utuh],,,1OHsbvfK_gIryvdoYcAJnKkT4f-GQwePv,https://drive.google.com/file/d/1OHsbvfK_gIryvdoYcAJnKkT4f-GQwePv/view?usp=drivesdk,Laporan Sarkop SO_11/01/2025,Data merged and appended successfully; PDF created; Run via form trigger as sarjanawarkop.id@gmail.com; Timestamp: Oct 31 2025 10:16 PM
Twinnings - Strawberry & Mango,Bahaya!,0,1,2,pack utuh,Online,Bahan Lainnya,Twinnings - Strawberry & Mango [pack utuh],,,1OHsbvfK_gIryvdoYcAJnKkT4f-GQwePv,https://drive.google.com/file/d/1OHsbvfK_gIryvdoYcAJnKkT4f-GQwePv/view?usp=drivesdk,Laporan Sarkop SO_11/01/2025,Data merged and appended successfully; PDF created; Run via form trigger as sarjanawarkop.id@gmail.com; Timestamp: Oct 31 2025 10:16 PM
Twinnings - Darjeeling Tea,Bahaya!,0,1,2,pack utuh,Online,Bahan Lainnya,Twinnings - Darjeeling Tea [pack utuh],,,1OHsbvfK_gIryvdoYcAJnKkT4f-GQwePv,https://drive.google.com/file/d/1OHsbvfK_gIryvdoYcAJnKkT4f-GQwePv/view?usp=drivesdk,Laporan Sarkop SO_11/01/2025,Data merged and appended successfully; PDF created; Run via form trigger as sarjanawarkop.id@gmail.com; Timestamp: Oct 31 2025 10:16 PM
Twinnings - Earl Grey Tea,Bahaya!,0,1,2,pack utuh,Online,Bahan Lainnya,Twinnings - Earl Grey Tea [pack utuh],,,1OHsbvfK_gIryvdoYcAJnKkT4f-GQwePv,https://drive.google.com/file/d/1OHsbvfK_gIryvdoYcAJnKkT4f-GQwePv/view?usp=drivesdk,Laporan Sarkop SO_11/01/2025,Data merged and appended successfully; PDF created; Run via form trigger as sarjanawarkop.id@gmail.com; Timestamp: Oct 31 2025 10:16 PM
Twinnings - Four Red Fruits,Bahaya!,0,1,2,pack utuh,Online,Bahan Lainnya,Twinnings - Four Red Fruits [pack utuh],,,1OHsbvfK_gIryvdoYcAJnKkT4f-GQwePv,https://drive.google.com/file/d/1OHsbvfK_gIryvdoYcAJnKkT4f-GQwePv/view?usp=drivesdk,Laporan Sarkop SO_11/01/2025,Data merged and appended successfully; PDF created; Run via form trigger as sarjanawarkop.id@gmail.com; Timestamp: Oct 31 2025 10:16 PM
Twinnings - Lemon & Ginger,Bahaya!,0,1,2,pack utuh,Online,Bahan Lainnya,Twinnings - Lemon & Ginger [pack utuh],,,1OHsbvfK_gIryvdoYcAJnKkT4f-GQwePv,https://drive.google.com/file/d/1OHsbvfK_gIryvdoYcAJnKkT4f-GQwePv/view?usp=drivesdk,Laporan Sarkop SO_11/01/2025,Data merged and appended successfully; PDF created; Run via form trigger as sarjanawarkop.id@gmail.com; Timestamp: Oct 31 2025 10:16 PM
"Twinnings - Passionfruit, Mango & Orange",Bahaya!,0,1,2,pack utuh,Online,Bahan Lainnya,"Twinnings - Passionfruit, Mango & Orange [pack utuh]",,,1OHsbvfK_gIryvdoYcAJnKkT4f-GQwePv,https://drive.google.com/file/d/1OHsbvfK_gIryvdoYcAJnKkT4f-GQwePv/view?usp=drivesdk,Laporan Sarkop SO_11/01/2025,Data merged and appended successfully; PDF created; Run via form trigger as sarjanawarkop.id@gmail.com; Timestamp: Oct 31 2025 10:16 PM
Twinnings - Lady Grey Tea,Bahaya!,0,1,2,pack utuh,Online,Bahan Lainnya,Twinnings - Lady Grey Tea [pack utuh],,,1OHsbvfK_gIryvdoYcAJnKkT4f-GQwePv,https://drive.google.com/file/d/1OHsbvfK_gIryvdoYcAJnKkT4f-GQwePv/view?usp=drivesdk,Laporan Sarkop SO_11/01/2025,Data merged and appended successfully; PDF created; Run via form trigger as sarjanawarkop.id@gmail.com; Timestamp: Oct 31 2025 10:16 PM
Twinnings - Peach Tea,Bahaya!,0,1,2,pack utuh,Online,Bahan Lainnya,Twinnings - Peach Tea [pack utuh],,,1OHsbvfK_gIryvdoYcAJnKkT4f-GQwePv,https://drive.google.com/file/d/1OHsbvfK_gIryvdoYcAJnKkT4f-GQwePv/view?usp=drivesdk,Laporan Sarkop SO_11/01/2025,Data merged and appended successfully; PDF created; Run via form trigger as sarjanawarkop.id@gmail.com; Timestamp: Oct 31 2025 10:16 PM
Twinnings - Pure Camomile,Bahaya!,0,1,2,pack utuh,Online,Bahan Lainnya,Twinnings - Pure Camomile [pack utuh],,,1OHsbvfK_gIryvdoYcAJnKkT4f-GQwePv,https://drive.google.com/file/d/1OHsbvfK_gIryvdoYcAJnKkT4f-GQwePv/view?usp=drivesdk,Laporan Sarkop SO_11/01/2025,Data merged and appended successfully; PDF created; Run via form trigger as sarjanawarkop.id@gmail.com; Timestamp: Oct 31 2025 10:16 PM
Twinnings - Pure Peppermint,Bahaya!,0,1,2,pack utuh,Online,Bahan Lainnya,Twinnings - Pure Peppermint [pack utuh],,,1OHsbvfK_gIryvdoYcAJnKkT4f-GQwePv,https://drive.google.com/file/d/1OHsbvfK_gIryvdoYcAJnKkT4f-GQwePv/view?usp=drivesdk,Laporan Sarkop SO_11/01/2025,Data merged and appended successfully; PDF created; Run via form trigger as sarjanawarkop.id@gmail.com; Timestamp: Oct 31 2025 10:16 PM
Teh Sosro - Teh Sosro,-,2,1,2,pack utuh,Toko Seberang,Bahan Lainnya,Teh Sosro - Teh Sosro [pack utuh],,,1OHsbvfK_gIryvdoYcAJnKkT4f-GQwePv,https://drive.google.com/file/d/1OHsbvfK_gIryvdoYcAJnKkT4f-GQwePv/view?usp=drivesdk,Laporan Sarkop SO_11/01/2025,Data merged and appended successfully; PDF created; Run via form trigger as sarjanawarkop.id@gmail.com; Timestamp: Oct 31 2025 10:16 PM
TWG - Genmaicha Japan,-,45,5,5,saset,Online,Bahan Lainnya,TWG - Genmaicha Japan [saset],,,1OHsbvfK_gIryvdoYcAJnKkT4f-GQwePv,https://drive.google.com/file/d/1OHsbvfK_gIryvdoYcAJnKkT4f-GQwePv/view?usp=drivesdk,Laporan Sarkop SO_11/01/2025,Data merged and appended successfully; PDF created; Run via form trigger as sarjanawarkop.id@gmail.com; Timestamp: Oct 31 2025 10:16 PM
TWG - Emperor Sencha Japan,-,6,5,5,saset,Online,Bahan Lainnya,TWG - Emperor Sencha Japan [saset],,,1OHsbvfK_gIryvdoYcAJnKkT4f-GQwePv,https://drive.google.com/file/d/1OHsbvfK_gIryvdoYcAJnKkT4f-GQwePv/view?usp=drivesdk,Laporan Sarkop SO_11/01/2025,Data merged and appended successfully; PDF created; Run via form trigger as sarjanawarkop.id@gmail.com; Timestamp: Oct 31 2025 10:16 PM
TWG - Yunnan FOP,Low,4,5,5,saset,Online,Bahan Lainnya,TWG - Yunnan FOP [saset],,,1OHsbvfK_gIryvdoYcAJnKkT4f-GQwePv,https://drive.google.com/file/d/1OHsbvfK_gIryvdoYcAJnKkT4f-GQwePv/view?usp=drivesdk,Laporan Sarkop SO_11/01/2025,Data merged and appended successfully; PDF created; Run via form trigger as sarjanawarkop.id@gmail.com; Timestamp: Oct 31 2025 10:16 PM
TWG - Chamomile,Low,8,10,10,saset,Online,Bahan Lainnya,TWG - Chamomile [saset],,,1OHsbvfK_gIryvdoYcAJnKkT4f-GQwePv,https://drive.google.com/file/d/1OHsbvfK_gIryvdoYcAJnKkT4f-GQwePv/view?usp=drivesdk,Laporan Sarkop SO_11/01/2025,Data merged and appended successfully; PDF created; Run via form trigger as sarjanawarkop.id@gmail.com; Timestamp: Oct 31 2025 10:16 PM
TWG - White Sky Tea,-,10,5,5,saset,Online,Bahan Lainnya,TWG - White Sky Tea [saset],,,1OHsbvfK_gIryvdoYcAJnKkT4f-GQwePv,https://drive.google.com/file/d/1OHsbvfK_gIryvdoYcAJnKkT4f-GQwePv/view?usp=drivesdk,Laporan Sarkop SO_11/01/2025,Data merged and appended successfully; PDF created; Run via form trigger as sarjanawarkop.id@gmail.com; Timestamp: Oct 31 2025 10:16 PM
TWG - Singapore Breakfast Tea,-,5,5,5,saset,Online,Bahan Lainnya,TWG - Singapore Breakfast Tea [saset],,,1OHsbvfK_gIryvdoYcAJnKkT4f-GQwePv,https://drive.google.com/file/d/1OHsbvfK_gIryvdoYcAJnKkT4f-GQwePv/view?usp=drivesdk,Laporan Sarkop SO_11/01/2025,Data merged and appended successfully; PDF created; Run via form trigger as sarjanawarkop.id@gmail.com; Timestamp: Oct 31 2025 10:16 PM
TWG - Imperial Oolong Formosa,-,7,5,5,saset,Online,Bahan Lainnya,TWG - Imperial Oolong Formosa [saset],,,1OHsbvfK_gIryvdoYcAJnKkT4f-GQwePv,https://drive.google.com/file/d/1OHsbvfK_gIryvdoYcAJnKkT4f-GQwePv/view?usp=drivesdk,Laporan Sarkop SO_11/01/2025,Data merged and appended successfully; PDF created; Run via form trigger as sarjanawarkop.id@gmail.com; Timestamp: Oct 31 2025 10:16 PM
TWG - Sencha,Low,4,5,5,saset,Online,Bahan Lainnya,TWG - Sencha [saset],,,1OHsbvfK_gIryvdoYcAJnKkT4f-GQwePv,https://drive.google.com/file/d/1OHsbvfK_gIryvdoYcAJnKkT4f-GQwePv/view?usp=drivesdk,Laporan Sarkop SO_11/01/2025,Data merged and appended successfully; PDF created; Run via form trigger as sarjanawarkop.id@gmail.com; Timestamp: Oct 31 2025 10:16 PM
TWG - French Earl Grey,Bahaya!,3,10,10,saset,Online,Bahan Lainnya,TWG - French Earl Grey [saset],,,1OHsbvfK_gIryvdoYcAJnKkT4f-GQwePv,https://drive.google.com/file/d/1OHsbvfK_gIryvdoYcAJnKkT4f-GQwePv/view?usp=drivesdk,Laporan Sarkop SO_11/01/2025,Data merged and appended successfully; PDF created; Run via form trigger as sarjanawarkop.id@gmail.com; Timestamp: Oct 31 2025 10:16 PM
TWG - English Breakfast Tea,Low,4,5,5,saset,Online,Bahan Lainnya,TWG - English Breakfast Tea [saset],,,1OHsbvfK_gIryvdoYcAJnKkT4f-GQwePv,https://drive.google.com/file/d/1OHsbvfK_gIryvdoYcAJnKkT4f-GQwePv/view?usp=drivesdk,Laporan Sarkop SO_11/01/2025,Data merged and appended successfully; PDF created; Run via form trigger as sarjanawarkop.id@gmail.com; Timestamp: Oct 31 2025 10:16 PM
TWG - Royal Darjeeling,-,8,5,5,saset,Online,Bahan Lainnya,TWG - Royal Darjeeling [saset],,,1OHsbvfK_gIryvdoYcAJnKkT4f-GQwePv,https://drive.google.com/file/d/1OHsbvfK_gIryvdoYcAJnKkT4f-GQwePv/view?usp=drivesdk,Laporan Sarkop SO_11/01/2025,Data merged and appended successfully; PDF created; Run via form trigger as sarjanawarkop.id@gmail.com; Timestamp: Oct 31 2025 10:16 PM
TWG - Grand Jasmine Tea,-,6,5,5,saset,Online,Bahan Lainnya,TWG - Grand Jasmine Tea [saset],,,1OHsbvfK_gIryvdoYcAJnKkT4f-GQwePv,https://drive.google.com/file/d/1OHsbvfK_gIryvdoYcAJnKkT4f-GQwePv/view?usp=drivesdk,Laporan Sarkop SO_11/01/2025,Data merged and appended successfully; PDF created; Run via form trigger as sarjanawarkop.id@gmail.com; Timestamp: Oct 31 2025 10:16 PM
TWG - Vanilla Bourbon,Low,5,10,10,saset,Online,Bahan Lainnya,TWG - Vanilla Bourbon [saset],,,1OHsbvfK_gIryvdoYcAJnKkT4f-GQwePv,https://drive.google.com/file/d/1OHsbvfK_gIryvdoYcAJnKkT4f-GQwePv/view?usp=drivesdk,Laporan Sarkop SO_11/01/2025,Data merged and appended successfully; PDF created; Run via form trigger as sarjanawarkop.id@gmail.com; Timestamp: Oct 31 2025 10:16 PM
TWG - Moonfruit Black Tea,Low,6,10,10,saset,Online,Bahan Lainnya,TWG - Moonfruit Black Tea [saset],,,1OHsbvfK_gIryvdoYcAJnKkT4f-GQwePv,https://drive.google.com/file/d/1OHsbvfK_gIryvdoYcAJnKkT4f-GQwePv/view?usp=drivesdk,Laporan Sarkop SO_11/01/2025,Data merged and appended successfully; PDF created; Run via form trigger as sarjanawarkop.id@gmail.com; Timestamp: Oct 31 2025 10:16 PM
Sweet Kokona by Amanda / Hot Cokelat KAI,Low,3,6,12,pack utuh (isi 5),Online,Bahan Lainnya,Sweet Kokona by Amanda / Hot Cokelat KAI [pack utuh (isi 5)],,,1OHsbvfK_gIryvdoYcAJnKkT4f-GQwePv,https://drive.google.com/file/d/1OHsbvfK_gIryvdoYcAJnKkT4f-GQwePv/view?usp=drivesdk,Laporan Sarkop SO_11/01/2025,Data merged and appended successfully; PDF created; Run via form trigger as sarjanawarkop.id@gmail.com; Timestamp: Oct 31 2025 10:16 PM
Delfi Hot Cocoa,-,1,1,2,renceng (isi 10),Barokah,Bahan Lainnya,Delfi Hot Cocoa [renceng (isi 10)],,,1OHsbvfK_gIryvdoYcAJnKkT4f-GQwePv,https://drive.google.com/file/d/1OHsbvfK_gIryvdoYcAJnKkT4f-GQwePv/view?usp=drivesdk,Laporan Sarkop SO_11/01/2025,Data merged and appended successfully; PDF created; Run via form trigger as sarjanawarkop.id@gmail.com; Timestamp: Oct 31 2025 10:16 PM
Dancow (Putih),-,1,1,2,renceng (isi 10),Barokah,Bahan Lainnya,Dancow (Putih) [renceng (isi 10)],,,1OHsbvfK_gIryvdoYcAJnKkT4f-GQwePv,https://drive.google.com/file/d/1OHsbvfK_gIryvdoYcAJnKkT4f-GQwePv/view?usp=drivesdk,Laporan Sarkop SO_11/01/2025,Data merged and appended successfully; PDF created; Run via form trigger as sarjanawarkop.id@gmail.com; Timestamp: Oct 31 2025 10:16 PM
Dancow (Cokelat),-,2,2,4,renceng (isi 10),Barokah,Bahan Lainnya,Dancow (Cokelat) [renceng (isi 10)],,,1OHsbvfK_gIryvdoYcAJnKkT4f-GQwePv,https://drive.google.com/file/d/1OHsbvfK_gIryvdoYcAJnKkT4f-GQwePv/view?usp=drivesdk,Laporan Sarkop SO_11/01/2025,Data merged and appended successfully; PDF created; Run via form trigger as sarjanawarkop.id@gmail.com; Timestamp: Oct 31 2025 10:16 PM
Milo,Low,1,2,4,renceng (isi 10),Barokah,Bahan Lainnya,Milo [renceng (isi 10)],,,1OHsbvfK_gIryvdoYcAJnKkT4f-GQwePv,https://drive.google.com/file/d/1OHsbvfK_gIryvdoYcAJnKkT4f-GQwePv/view?usp=drivesdk,Laporan Sarkop SO_11/01/2025,Data merged and appended successfully; PDF created; Run via form trigger as sarjanawarkop.id@gmail.com; Timestamp: Oct 31 2025 10:16 PM
Hilo (Choco Hazelnut),-,1,1,2,renceng (isi 10),Barokah,Bahan Lainnya,Hilo (Choco Hazelnut) [renceng (isi 10)],,,1OHsbvfK_gIryvdoYcAJnKkT4f-GQwePv,https://drive.google.com/file/d/1OHsbvfK_gIryvdoYcAJnKkT4f-GQwePv/view?usp=drivesdk,Laporan Sarkop SO_11/01/2025,Data merged and appended successfully; PDF created; Run via form trigger as sarjanawarkop.id@gmail.com; Timestamp: Oct 31 2025 10:16 PM
Susu Jahe Anget Sari,-,1,1,2,renceng (isi 10),Barokah,Bahan Lainnya,Susu Jahe Anget Sari [renceng (isi 10)],,,1OHsbvfK_gIryvdoYcAJnKkT4f-GQwePv,https://drive.google.com/file/d/1OHsbvfK_gIryvdoYcAJnKkT4f-GQwePv/view?usp=drivesdk,Laporan Sarkop SO_11/01/2025,Data merged and appended successfully; PDF created; Run via form trigger as sarjanawarkop.id@gmail.com; Timestamp: Oct 31 2025 10:16 PM
ABC Kopi Susu,-,2,1,2,renceng (isi 10),Barokah,Bahan Lainnya,ABC Kopi Susu [renceng (isi 10)],,,1OHsbvfK_gIryvdoYcAJnKkT4f-GQwePv,https://drive.google.com/file/d/1OHsbvfK_gIryvdoYcAJnKkT4f-GQwePv/view?usp=drivesdk,Laporan Sarkop SO_11/01/2025,Data merged and appended successfully; PDF created; Run via form trigger as sarjanawarkop.id@gmail.com; Timestamp: Oct 31 2025 10:16 PM
Kapal Api Kopi Hitam,Bahaya!,0,1,2,renceng (isi 10),Barokah,Bahan Lainnya,Kapal Api Kopi Hitam [renceng (isi 10)],,,1OHsbvfK_gIryvdoYcAJnKkT4f-GQwePv,https://drive.google.com/file/d/1OHsbvfK_gIryvdoYcAJnKkT4f-GQwePv/view?usp=drivesdk,Laporan Sarkop SO_11/01/2025,Data merged and appended successfully; PDF created; Run via form trigger as sarjanawarkop.id@gmail.com; Timestamp: Oct 31 2025 10:16 PM
Good Day (Cappuccino),Low,1,2,4,renceng (isi 10),Barokah,Bahan Lainnya,Good Day (Cappuccino) [renceng (isi 10)],,,1OHsbvfK_gIryvdoYcAJnKkT4f-GQwePv,https://drive.google.com/file/d/1OHsbvfK_gIryvdoYcAJnKkT4f-GQwePv/view?usp=drivesdk,Laporan Sarkop SO_11/01/2025,Data merged and appended successfully; PDF created; Run via form trigger as sarjanawarkop.id@gmail.com; Timestamp: Oct 31 2025 10:16 PM
OldTown White Coffee (Classic),Bahaya!,0,2,4,pack utuh (isi 15),Online,Bahan Lainnya,OldTown White Coffee (Classic) [pack utuh (isi 15)],,,1OHsbvfK_gIryvdoYcAJnKkT4f-GQwePv,https://drive.google.com/file/d/1OHsbvfK_gIryvdoYcAJnKkT4f-GQwePv/view?usp=drivesdk,Laporan Sarkop SO_11/01/2025,Data merged and appended successfully; PDF created; Run via form trigger as sarjanawarkop.id@gmail.com; Timestamp: Oct 31 2025 10:16 PM
OldTown White Coffee (Hazelnut),Low,1,2,4,pack utuh (isi 15),Online,Bahan Lainnya,OldTown White Coffee (Hazelnut) [pack utuh (isi 15)],,,1OHsbvfK_gIryvdoYcAJnKkT4f-GQwePv,https://drive.google.com/file/d/1OHsbvfK_gIryvdoYcAJnKkT4f-GQwePv/view?usp=drivesdk,Laporan Sarkop SO_11/01/2025,Data merged and appended successfully; PDF created; Run via form trigger as sarjanawarkop.id@gmail.com; Timestamp: Oct 31 2025 10:16 PM
Nutrisari Florida Orange,-,1,1,2,renceng (isi 10),Barokah,Bahan Lainnya,Nutrisari Florida Orange [renceng (isi 10)],,,1OHsbvfK_gIryvdoYcAJnKkT4f-GQwePv,https://drive.google.com/file/d/1OHsbvfK_gIryvdoYcAJnKkT4f-GQwePv/view?usp=drivesdk,Laporan Sarkop SO_11/01/2025,Data merged and appended successfully; PDF created; Run via form trigger as sarjanawarkop.id@gmail.com; Timestamp: Oct 31 2025 10:16 PM
Nutrisari Apel Jeruk,Bahaya!,0,1,2,renceng (isi 10),Barokah,Bahan Lainnya,Nutrisari Apel Jeruk [renceng (isi 10)],,,1OHsbvfK_gIryvdoYcAJnKkT4f-GQwePv,https://drive.google.com/file/d/1OHsbvfK_gIryvdoYcAJnKkT4f-GQwePv/view?usp=drivesdk,Laporan Sarkop SO_11/01/2025,Data merged and appended successfully; PDF created; Run via form trigger as sarjanawarkop.id@gmail.com; Timestamp: Oct 31 2025 10:16 PM
Nutrisari Sweet Mango,Bahaya!,0,1,2,renceng (isi 10),Barokah,Bahan Lainnya,Nutrisari Sweet Mango [renceng (isi 10)],,,1OHsbvfK_gIryvdoYcAJnKkT4f-GQwePv,https://drive.google.com/file/d/1OHsbvfK_gIryvdoYcAJnKkT4f-GQwePv/view?usp=drivesdk,Laporan Sarkop SO_11/01/2025,Data merged and appended successfully; PDF created; Run via form trigger as sarjanawarkop.id@gmail.com; Timestamp: Oct 31 2025 10:16 PM
Nutrisari Milky Orange,-,1,1,2,renceng (isi 10),Barokah,Bahan Lainnya,Nutrisari Milky Orange [renceng (isi 10)],,,1OHsbvfK_gIryvdoYcAJnKkT4f-GQwePv,https://drive.google.com/file/d/1OHsbvfK_gIryvdoYcAJnKkT4f-GQwePv/view?usp=drivesdk,Laporan Sarkop SO_11/01/2025,Data merged and appended successfully; PDF created; Run via form trigger as sarjanawarkop.id@gmail.com; Timestamp: Oct 31 2025 10:16 PM
Nutrisari Jeruk Nipis,-,1,1,2,renceng (isi 10),Barokah,Bahan Lainnya,Nutrisari Jeruk Nipis [renceng (isi 10)],,,1OHsbvfK_gIryvdoYcAJnKkT4f-GQwePv,https://drive.google.com/file/d/1OHsbvfK_gIryvdoYcAJnKkT4f-GQwePv/view?usp=drivesdk,Laporan Sarkop SO_11/01/2025,Data merged and appended successfully; PDF created; Run via form trigger as sarjanawarkop.id@gmail.com; Timestamp: Oct 31 2025 10:16 PM
Nutrisari Blewah,-,1,1,2,renceng (isi 10),Barokah,Bahan Lainnya,Nutrisari Blewah [renceng (isi 10)],,,1OHsbvfK_gIryvdoYcAJnKkT4f-GQwePv,https://drive.google.com/file/d/1OHsbvfK_gIryvdoYcAJnKkT4f-GQwePv/view?usp=drivesdk,Laporan Sarkop SO_11/01/2025,Data merged and appended successfully; PDF created; Run via form trigger as sarjanawarkop.id@gmail.com; Timestamp: Oct 31 2025 10:16 PM
Nutrisari Leci,-,1,1,2,renceng (isi 10),Barokah,Bahan Lainnya,Nutrisari Leci [renceng (isi 10)],,,1OHsbvfK_gIryvdoYcAJnKkT4f-GQwePv,https://drive.google.com/file/d/1OHsbvfK_gIryvdoYcAJnKkT4f-GQwePv/view?usp=drivesdk,Laporan Sarkop SO_11/01/2025,Data merged and appended successfully; PDF created; Run via form trigger as sarjanawarkop.id@gmail.com; Timestamp: Oct 31 2025 10:16 PM
Nutrisari Anggur Hijau,-,1,1,2,renceng (isi 10),Barokah,Bahan Lainnya,Nutrisari Anggur Hijau [renceng (isi 10)],,,1OHsbvfK_gIryvdoYcAJnKkT4f-GQwePv,https://drive.google.com/file/d/1OHsbvfK_gIryvdoYcAJnKkT4f-GQwePv/view?usp=drivesdk,Laporan Sarkop SO_11/01/2025,Data merged and appended successfully; PDF created; Run via form trigger as sarjanawarkop.id@gmail.com; Timestamp: Oct 31 2025 10:16 PM
Nutrisari Anggur,Low,1,2,4,renceng (isi 10),Barokah,Bahan Lainnya,Nutrisari Anggur [renceng (isi 10)],,,1OHsbvfK_gIryvdoYcAJnKkT4f-GQwePv,https://drive.google.com/file/d/1OHsbvfK_gIryvdoYcAJnKkT4f-GQwePv/view?usp=drivesdk,Laporan Sarkop SO_11/01/2025,Data merged and appended successfully; PDF created; Run via form trigger as sarjanawarkop.id@gmail.com; Timestamp: Oct 31 2025 10:16 PM
Adem Sari (Panas Dalam),-,1,1,2,renceng (isi 10),Barokah,Bahan Lainnya,Adem Sari (Panas Dalam) [renceng (isi 10)],,,1OHsbvfK_gIryvdoYcAJnKkT4f-GQwePv,https://drive.google.com/file/d/1OHsbvfK_gIryvdoYcAJnKkT4f-GQwePv/view?usp=drivesdk,Laporan Sarkop SO_11/01/2025,Data merged and appended successfully; PDF created; Run via form trigger as sarjanawarkop.id@gmail.com; Timestamp: Oct 31 2025 10:16 PM
Extra Joss,Bahaya!,0,3,6,pack isi 6,Barokah,Bahan Lainnya,Extra Joss [pack isi 6],,,1OHsbvfK_gIryvdoYcAJnKkT4f-GQwePv,https://drive.google.com/file/d/1OHsbvfK_gIryvdoYcAJnKkT4f-GQwePv/view?usp=drivesdk,Laporan Sarkop SO_11/01/2025,Data merged and appended successfully; PDF created; Run via form trigger as sarjanawarkop.id@gmail.com; Timestamp: Oct 31 2025 10:16 PM
Kukubima,Low,1,2,4,pack isi 6,Barokah,Bahan Lainnya,Kukubima [pack isi 6],,,1OHsbvfK_gIryvdoYcAJnKkT4f-GQwePv,https://drive.google.com/file/d/1OHsbvfK_gIryvdoYcAJnKkT4f-GQwePv/view?usp=drivesdk,Laporan Sarkop SO_11/01/2025,Data merged and appended successfully; PDF created; Run via form trigger as sarjanawarkop.id@gmail.com; Timestamp: Oct 31 2025 10:16 PM